Year,Make,Model,Subseries,Color,Drs,Cyl,Fuel,Trans,4x4,EW,Radio,Top,Int,Odometer,Price
2006,TOYOTA,AVALON,LIMITED,SILVER,4,6,GAS,,4X2,,,,,"256,019","$2,000"
2005,TOYOTA,AVALON,TOURING,GRAY,4,6,GAS,A,4X2,A,B,SR,E,"250,610","$1,700"
2002,TOYOTA,CAMRY,LE,BLUE,4,4,GAS,A,4X2,,,,,"192,130","$1,300"
2021,TOYOTA,CAMRY FWD 4C,SE,BLUE,4,4,GAS,A,4X2,A,AM/FM,HT,E,"10,040","$25,750"
2007,TOYOTA,CAMRY 4C,,GRAY,4,4,H,A,4X2,A,CD,SR,L,"168,481","$3,100"
2009,TOYOTA,CAMRY 4C,,BLACK,4,4,H,A,4X2,A,CD,SR,L,"238,619",$600
2009,TOYOTA,CAMRY 4C,GS,BLUE,4,4,H,A,4X2,A,CD,SR,E,"161,807","$4,400"
2003,TOYOTA,CAMRY 4C,LE,BLUE,4,4,GAS,A,4X2,,,,,"145,362","$3,300"
2007,TOYOTA,CAMRY 4C,LE,WHITE,4,4,GAS,A,4X2,A,CD,SR,C,"124,975","$3,600"
2008,TOYOTA,CAMRY 4C,LE,BLACK,4,4,GAS,A,4X2,,,,,"189,834","$2,800"
2014,TOYOTA,CAMRY 4C,LE,GRAY,4,4,GAS,A,4X2,A,CD,HT,C,"143,406","$5,700"
2019,TOYOTA,CAMRY 4C,LE,BLACK,4,4,GAS,A,4X2,A,AM/FM,HT,C,"55,474","$21,700"
2012,TOYOTA,CAMRY 4C,SE,RED,4,4,GAS,A,4X2,A,CD,HT,C,"182,078","$4,200"
2013,TOYOTA,CAMRY 4C,SE,RED,4,4,GAS,A,4X2,A,CD,SR,C,"132,357","$7,900"
2014,TOYOTA,CAMRY 4C,SE,WHITE,4,4,GAS,A,4X2,A,CD,HT,B,"166,551","$4,200"
2019,TOYOTA,CAMRY 4C,SE,BLACK,4,4,GAS,A,4X2,A,AM/FM,HT,B,"22,106","$27,200"
2020,TOYOTA,CAMRY 4C,SE,BLACK,4,4,GAS,A,4X2,A,AM/FM,HT,E,"6,260","$24,300"
2019,TOYOTA,CAMRY 4C,XSE,BLUE,4,4,GAS,A,4X2,A,CD,PN,L,"35,047","$29,400"
2019,TOYOTA,CAMRY 4C,XSE,SILVER,4,4,GAS,A,4X2,A,CD,HT,L,"44,405","$25,250"
2004,TOYOTA,COROLLA,,GRAY,4,4,GAS,,4X2,,,,,"118,218","$2,400"
2014,TOYOTA,COROLLA,L,GRAY,4,4,GAS,6,4X2,A,CD,HT,C,"156,524","$5,800"
2014,TOYOTA,COROLLA,LE,SILVER,4,4,GAS,A,4X2,A,CD,HT,C,"147,991","$6,500"
2016,TOYOTA,COROLLA,LE,GREEN,4,4,GAS,A,4X2,A,CD,HT,C,"82,878","$13,100"
2020,TOYOTA,COROLLA,NONE,SILVER,S,4,C,A,,,N,NO,N,"6,304","$26,900"
2007,TOYOTA,FJ CRUISER 4X4,,MAROON,S,6,GAS,A,4X4,,N,NO,N,"154,447","$13,500"
2019,TOYOTA,HIGHLNDR AWD V6,LE,GRAY,S,6,GAS,A,AWD,A,CD,HT,C,"25,793","$33,000"
2019,TOYOTA,HIGHLNDR AWD V6,LE PLUS,WHITE,S,6,GAS,A,AWD,A,CD,HT,C,"28,721","$36,500"
2018,TOYOTA,HIGHLNDR AWD V6,LIMITED,BLACK,S,6,GAS,A,AWD,A,CD,SR,E,"14,235","$39,500"
2014,TOYOTA,HIGHLNDR AWD V6,XLE,TAN,S,6,GAS,A,AWD,A,CD,SR,L,"96,717","$20,000"
2021,TOYOTA,HIGHLNDR AWD V6,XLE,BLACK,S,6,GAS,A,AWD,A,AM/FM,SR,E,"2,853","$43,000"
2021,TOYOTA,HIGHLNDR AWD V6,XSE,GRAY,S,6,GAS,A,AWD,A,AM/FM,SR,B,"6,115","$45,400"
2004,TOYOTA,HIGHLNDR FWD V6,,GOLD,S,6,GAS,A,4X2,A,B,HT,C,"128,210","$4,200"
2006,TOYOTA,HIGHLNDR FWD V6,,RED,S,6,GAS,,4X2,,,,,"234,404","$3,100"
2003,TOYOTA,HIGHLNDR 4X4 V6,,GREEN,S,6,GAS,,4X4,,,,,"138,961","$2,900"
2004,TOYOTA,HIGHLNDR 4X4 V6,LIMITED,BLUE,S,6,GAS,A,4X4,A,B,SR,E,"190,789","$3,900"
2011,TOYOTA,HIGHLNDR 4X4 V6,LIMITED,GRAY,S,6,GAS,A,4X4,A,CD,SR,E,"57,969","$15,500"
2016,TOYOTA,PRIUS V,TWO,SILVER,4,4,H,A,4X2,A,CD,HT,C,"164,402","$9,300"
2019,TOYOTA,RAV4 AWD,HYBRID LE,GRAY,S,4,H,A,AWD,A,AM/FM,HT,C,"89,643","$21,300"
2019,TOYOTA,RAV4 AWD,LE,BLACK,S,4,GAS,A,AWD,A,AM/FM,HT,C,"30,891","$25,300"
2019,TOYOTA,RAV4 AWD,NONE,BLUE,S,4,C,A,AWD,,N,NO,N,"11,088","$33,900"
2013,TOYOTA,RAV4 AWD,XLE,GRAY,S,4,GAS,A,AWD,A,CD,SR,C,"60,612","$16,800"
2019,TOYOTA,RAV4 AWD,XLE,GRAY,S,4,GAS,A,AWD,A,AM/FM,SR,C,"4,857","$35,300"
2020,TOYOTA,RAV4 FWD,LE,SILVER,S,4,GAS,A,4X2,A,AM/FM,HT,C,"1,795","$31,900"
2009,TOYOTA,RAV4 4X4 V6,,SILVER,S,6,GAS,A,4X4,A,CD,HT,C,"104,422","$4,900"
2007,TOYOTA,RAV4 4X4 V6,LIMITED,BLUE,S,6,GAS,A,4X4,A,CD,SR,L,"165,560","$5,000"
2008,TOYOTA,SEQUOIA 4X4 V8,LIMITED,GRAY,S,8,GAS,O,4X4,A,CD,SR,L,"192,674","$9,600"
2007,TOYOTA,SIENNA FWD,LE,RED,V,6,GAS,A,4X2,A,CD,HT,C,"66,465","$5,500"
2011,TOYOTA,SIENNA FWD,LE,BLUE,V,6,GAS,A,4X2,A,CD,HT,C,"145,383","$7,000"
2007,TOYOTA,TACOMA 4X2 EX,,SILVER,X,4,GAS,M,,,N,NO,C,"103,229","$10,500"
2014,TOYOTA,TACOMA 4X2 RG,,WHITE,R,4,GAS,A,4X2,A,CD,HT,C,"134,446","$2,800"
2019,TOYOTA,TACOMA 4X4 DB,SR5,BLACK,D,6,GAS,A,4X4,A,CD,HT,C,"47,316","$33,000"
2017,TOYOTA,TACOMA 4X4 DB,TRD SPORT,BLACK,D,6,GAS,A,4X4,A,CD,SR,C,"70,553","$30,500"
2008,TOYOTA,TACOMA 4X4 EX,,SILVER,X,6,GAS,A,4X4,A,CD,HT,C,"198,671","$7,800"
2008,TOYOTA,TUNDRA 4X4 DB,SR5,BLUE,C,8,GAS,,4X4,,,,,"71,869","$13,800"
2022,TOYOTA,4RUNNER,TRD SPORT,GRAY,S,6,GAS,A,4X4,A,AM/FM,HT,L,958,"$49,000"
2018,TOYOTA,4RUNNER 4X4,SR5,WHITE,S,6,GAS,A,4X4,A,CD,HT,C,"39,101","$37,500"
2007,TOYOTA,AVALON,LIMITED,SILVER,4,6,GAS,,4X2,,,,,"263,423","$2,450"
2000,TOYOTA,CAMRY,LE,SILVER,4,4,GAS,A,4X2,,B,SR,L,"214,633",$800
2010,TOYOTA,CAMRY 4C,,BLACK,4,4,GAS,6,,A,CD,HT,C,"118,368","$3,700"
2010,TOYOTA,CAMRY 4C,LE,WHITE,4,4,GAS,A,4X2,A,CD,SR,C,"141,837","$5,200"
2018,TOYOTA,CAMRY 4C,LE,BLACK,4,4,GAS,A,4X2,A,AM/FM,HT,C,"63,432","$17,600"
2018,TOYOTA,CAMRY 4C,SE,RED,4,4,GAS,A,4X2,A,AM/FM,HT,B,"36,518","$23,400"
2015,TOYOTA,CAMRY 4C,XLE,GRAY,4,4,GAS,A,4X2,A,CD,SR,L,"62,652","$18,900"
2015,TOYOTA,COROLLA,LE,RED,4,4,GAS,A,4X2,A,CD,HT,C,"21,318","$15,600"
2016,TOYOTA,COROLLA,LE,BLACK,4,4,GAS,A,4X2,A,CD,HT,C,"203,303","$7,200"
2019,TOYOTA,COROLLA,LE,RED,4,4,GAS,A,4X2,A,CD,HT,C,"40,948","$18,200"
2016,TOYOTA,COROLLA,S PLUS,BLACK,4,4,GAS,A,4X2,,,SR,,"133,874","$10,600"
2019,TOYOTA,HIGHLNDR AWD V6,LE,BLACK,S,6,GAS,A,AWD,A,CD,HT,C,"33,874","$31,500"
2020,TOYOTA,HIGHLNDR AWD V6,LE,GRAY,S,6,GAS,A,AWD,A,AM/FM,HT,C,"17,270","$37,500"
2019,TOYOTA,HIGHLNDR AWD V6,XLE,BLACK,S,6,GAS,A,AWD,A,CD,SR,L,"31,564","$35,500"
2003,TOYOTA,HIGHLNDR 4X4 V6,,GREEN,S,6,GAS,A,4X4,A,B,HT,C,"138,960","$2,200"
2005,TOYOTA,HIGHLNDR 4X4 V6,,BLACK,S,6,GAS,A,4X4,A,B,HT,C,"199,259","$2,000"
2010,TOYOTA,HIGHLNDR 4X4 V6,LIMITED,GRAY,S,6,GAS,A,4X4,A,CD,SR,L,"142,225","$9,400"
2011,TOYOTA,HIGHLNDR 4X4 V6,SE,WHITE,S,6,GAS,A,4X4,A,CD,SR,L,"159,920","$11,600"
2008,TOYOTA,PRIUS,BASE,RED,5,4,H,A,4X2,A,CD,HT,L,"214,918","$2,800"
2018,TOYOTA,PRIUS,TWO,SILVER,4,4,H,A,4X2,A,CD,HT,C,"100,620","$16,300"
2012,TOYOTA,PRIUS,3,SILVER,5,4,H,A,4X2,A,CD,SR,C,"190,756","$5,300"
2019,TOYOTA,RAV4 AWD,LE,GRAY,S,4,GAS,A,AWD,A,AM/FM,HT,C,"24,596","$29,000"
2019,TOYOTA,RAV4 AWD,LIMITED,SILVER,S,4,GAS,A,AWD,A,AM/FM,PN,E,"11,203","$38,750"
2010,TOYOTA,RAV4 4X4 4C,LIMITED,SILVER,S,4,GAS,A,AWD,A,CD,SR,L,"119,610","$9,200"
2007,TOYOTA,SIENNA AWD,LE,BLUE,V,6,GAS,A,AWD,A,CD,HT,C,"141,503","$5,400"
2006,TOYOTA,TACOMA 4X2 V6,PRERUNNER,WHITE,C,6,GAS,A,4X2,A,CD,HT,C,"129,454","$6,800"
2014,TOYOTA,TACOMA 4X4 V6,,SILVER,C,6,GAS,A,4X4,A,CD,HT,C,"98,059","$23,800"
2002,TOYOTA,TUNDRA 4X4 EX,SR5,RED,X,6,GAS,,4X4,,,,,"185,653","$4,800"
2006,TOYOTA,AVALON,LIMITED,SILVER,4,6,GAS,,4X2,,,,,"256,019","$2,000"
2005,TOYOTA,AVALON,TOURING,GRAY,4,6,GAS,A,4X2,A,B,SR,E,"250,610","$1,700"
2002,TOYOTA,CAMRY,LE,BLUE,4,4,GAS,A,4X2,,,,,"192,130","$1,300"
2021,TOYOTA,CAMRY FWD 4C,SE,BLUE,4,4,GAS,A,4X2,A,AM/FM,HT,E,"10,040","$25,750"
2007,TOYOTA,CAMRY 4C,,GRAY,4,4,H,A,4X2,A,CD,SR,L,"168,481","$3,100"
2009,TOYOTA,CAMRY 4C,,BLACK,4,4,H,A,4X2,A,CD,SR,L,"238,619",$600
2009,TOYOTA,CAMRY 4C,GS,BLUE,4,4,H,A,4X2,A,CD,SR,E,"161,807","$4,400"
2003,TOYOTA,CAMRY 4C,LE,BLUE,4,4,GAS,A,4X2,,,,,"145,362","$3,300"
2007,TOYOTA,CAMRY 4C,LE,WHITE,4,4,GAS,A,4X2,A,CD,SR,C,"124,975","$3,600"
2008,TOYOTA,CAMRY 4C,LE,BLACK,4,4,GAS,A,4X2,,,,,"189,834","$2,800"
2014,TOYOTA,CAMRY 4C,LE,GRAY,4,4,GAS,A,4X2,A,CD,HT,C,"143,406","$5,700"
2019,TOYOTA,CAMRY 4C,LE,BLACK,4,4,GAS,A,4X2,A,AM/FM,HT,C,"55,474","$21,700"
2012,TOYOTA,CAMRY 4C,SE,RED,4,4,GAS,A,4X2,A,CD,HT,C,"182,078","$4,200"
2013,TOYOTA,CAMRY 4C,SE,RED,4,4,GAS,A,4X2,A,CD,SR,C,"132,357","$7,900"
2014,TOYOTA,CAMRY 4C,SE,WHITE,4,4,GAS,A,4X2,A,CD,HT,B,"166,551","$4,200"
2019,TOYOTA,CAMRY 4C,SE,BLACK,4,4,GAS,A,4X2,A,AM/FM,HT,B,"22,106","$27,200"
2020,TOYOTA,CAMRY 4C,SE,BLACK,4,4,GAS,A,4X2,A,AM/FM,HT,E,"6,260","$24,300"
2019,TOYOTA,CAMRY 4C,XSE,BLUE,4,4,GAS,A,4X2,A,CD,PN,L,"35,047","$29,400"
2019,TOYOTA,CAMRY 4C,XSE,SILVER,4,4,GAS,A,4X2,A,CD,HT,L,"44,405","$25,250"
2004,TOYOTA,COROLLA,,GRAY,4,4,GAS,,4X2,,,,,"118,218","$2,400"
2014,TOYOTA,COROLLA,L,GRAY,4,4,GAS,6,4X2,A,CD,HT,C,"156,524","$5,800"
2014,TOYOTA,COROLLA,LE,SILVER,4,4,GAS,A,4X2,A,CD,HT,C,"147,991","$6,500"
2016,TOYOTA,COROLLA,LE,GREEN,4,4,GAS,A,4X2,A,CD,HT,C,"82,878","$13,100"
2020,TOYOTA,COROLLA,NONE,SILVER,S,4,C,A,,,N,NO,N,"6,304","$26,900"
2007,TOYOTA,FJ CRUISER 4X4,,MAROON,S,6,GAS,A,4X4,,N,NO,N,"154,447","$13,500"
2019,TOYOTA,HIGHLNDR AWD V6,LE,GRAY,S,6,GAS,A,AWD,A,CD,HT,C,"25,793","$33,000"
2019,TOYOTA,HIGHLNDR AWD V6,LE PLUS,WHITE,S,6,GAS,A,AWD,A,CD,HT,C,"28,721","$36,500"
2018,TOYOTA,HIGHLNDR AWD V6,LIMITED,BLACK,S,6,GAS,A,AWD,A,CD,SR,E,"14,235","$39,500"
2014,TOYOTA,HIGHLNDR AWD V6,XLE,TAN,S,6,GAS,A,AWD,A,CD,SR,L,"96,717","$20,000"
2021,TOYOTA,HIGHLNDR AWD V6,XLE,BLACK,S,6,GAS,A,AWD,A,AM/FM,SR,E,"2,853","$43,000"
2021,TOYOTA,HIGHLNDR AWD V6,XSE,GRAY,S,6,GAS,A,AWD,A,AM/FM,SR,B,"6,115","$45,400"
2004,TOYOTA,HIGHLNDR FWD V6,,GOLD,S,6,GAS,A,4X2,A,B,HT,C,"128,210","$4,200"
2006,TOYOTA,HIGHLNDR FWD V6,,RED,S,6,GAS,,4X2,,,,,"234,404","$3,100"
2003,TOYOTA,HIGHLNDR 4X4 V6,,GREEN,S,6,GAS,,4X4,,,,,"138,961","$2,900"
2004,TOYOTA,HIGHLNDR 4X4 V6,LIMITED,BLUE,S,6,GAS,A,4X4,A,B,SR,E,"190,789","$3,900"
2011,TOYOTA,HIGHLNDR 4X4 V6,LIMITED,GRAY,S,6,GAS,A,4X4,A,CD,SR,E,"57,969","$15,500"
2016,TOYOTA,PRIUS V,TWO,SILVER,4,4,H,A,4X2,A,CD,HT,C,"164,402","$9,300"
2019,TOYOTA,RAV4 AWD,HYBRID LE,GRAY,S,4,H,A,AWD,A,AM/FM,HT,C,"89,643","$21,300"
2019,TOYOTA,RAV4 AWD,LE,BLACK,S,4,GAS,A,AWD,A,AM/FM,HT,C,"30,891","$25,300"
2019,TOYOTA,RAV4 AWD,NONE,BLUE,S,4,C,A,AWD,,N,NO,N,"11,088","$33,900"
2013,TOYOTA,RAV4 AWD,XLE,GRAY,S,4,GAS,A,AWD,A,CD,SR,C,"60,612","$16,800"
2019,TOYOTA,RAV4 AWD,XLE,GRAY,S,4,GAS,A,AWD,A,AM/FM,SR,C,"4,857","$35,300"
2020,TOYOTA,RAV4 FWD,LE,SILVER,S,4,GAS,A,4X2,A,AM/FM,HT,C,"1,795","$31,900"
2009,TOYOTA,RAV4 4X4 V6,,SILVER,S,6,GAS,A,4X4,A,CD,HT,C,"104,422","$4,900"
2007,TOYOTA,RAV4 4X4 V6,LIMITED,BLUE,S,6,GAS,A,4X4,A,CD,SR,L,"165,560","$5,000"
2008,TOYOTA,SEQUOIA 4X4 V8,LIMITED,GRAY,S,8,GAS,O,4X4,A,CD,SR,L,"192,674","$9,600"
2007,TOYOTA,SIENNA FWD,LE,RED,V,6,GAS,A,4X2,A,CD,HT,C,"66,465","$5,500"
2011,TOYOTA,SIENNA FWD,LE,BLUE,V,6,GAS,A,4X2,A,CD,HT,C,"145,383","$7,000"
2007,TOYOTA,TACOMA 4X2 EX,,SILVER,X,4,GAS,M,,,N,NO,C,"103,229","$10,500"
2014,TOYOTA,TACOMA 4X2 RG,,WHITE,R,4,GAS,A,4X2,A,CD,HT,C,"134,446","$2,800"
2019,TOYOTA,TACOMA 4X4 DB,SR5,BLACK,D,6,GAS,A,4X4,A,CD,HT,C,"47,316","$33,000"
2017,TOYOTA,TACOMA 4X4 DB,TRD SPORT,BLACK,D,6,GAS,A,4X4,A,CD,SR,C,"70,553","$30,500"
2008,TOYOTA,TACOMA 4X4 EX,,SILVER,X,6,GAS,A,4X4,A,CD,HT,C,"198,671","$7,800"
2008,TOYOTA,TUNDRA 4X4 DB,SR5,BLUE,C,8,GAS,,4X4,,,,,"71,869","$13,800"
2022,TOYOTA,4RUNNER,TRD SPORT,GRAY,S,6,GAS,A,4X4,A,AM/FM,HT,L,958,"$49,000"
2018,TOYOTA,4RUNNER 4X4,SR5,WHITE,S,6,GAS,A,4X4,A,CD,HT,C,"39,101","$37,500"
2008,TOYOTA,AVALON,XLS,SILVER,4,6,GAS,A,4X2,A,CD,SR,L,"158,742","$2,400"
2016,TOYOTA,AVALON V6,XLE PREMIU,GRAY,4,6,GAS,A,4X2,A,CD,SR,E,"86,518","$18,200"
2003,TOYOTA,CAMRY 4C,,GRAY,4,4,GAS,,4X2,,,,,"262,894","$1,300"
2018,TOYOTA,CAMRY 4C,LE,BROWN,4,4,GAS,A,4X2,A,AM/FM,HT,C,"85,339","$17,500"
2020,TOYOTA,CAMRY 4C,NONE,BLACK,S,4,C,A,,,N,NO,N,"24,238","$30,400"
2016,TOYOTA,CAMRY 4C,SE,RED,4,4,GAS,A,4X2,A,CD,SR,B,"86,733","$14,800"
2012,TOYOTA,CAMRY 4C,SE SPORT,RED,4,4,GAS,A,4X2,A,CD,SR,E,"106,238","$4,600"
2004,TOYOTA,CAMRY 4C,XLE,WHITE,4,4,GAS,A,4X2,A,B,SR,L,"154,710","$2,200"
2009,TOYOTA,COROLLA,,GOLD,4,4,GAS,,4X2,,,,,"236,384","$3,200"
2010,TOYOTA,COROLLA,,GRAY,4,4,GAS,A,4X2,A,CD,HT,C,"128,213","$5,500"
2007,TOYOTA,COROLLA,CE,RED,4,4,GAS,,4X2,,,,,"112,555","$4,200"
2016,TOYOTA,COROLLA,LE,BLACK,4,4,GAS,A,4X2,A,CD,HT,C,"147,552","$5,700"
2015,TOYOTA,COROLLA,S,GRAY,4,4,GAS,,4X2,,,,,"158,726","$6,800"
2018,TOYOTA,COROLLA,SE,BLACK,4,4,GAS,A,4X2,A,CD,HT,B,"65,224","$17,600"
2019,TOYOTA,COROLLA,SE,SILVER,4,4,GAS,A,4X2,A,CD,SR,B,"47,824","$19,200"
2017,TOYOTA,HIGHLNDR AWD V6,LE PLUS,BLACK,S,6,GAS,A,AWD,A,CD,HT,C,"57,932","$27,000"
2011,TOYOTA,HIGHLNDR 4X4 V6,BASE,GRAY,S,6,GAS,A,4X4,A,CD,HT,C,"157,477","$12,400"
2013,TOYOTA,HIGHLNDR 4X4 V6,LIMITED,BLUE,S,6,GAS,A,4X4,A,CD,SR,L,"158,841","$13,800"
2004,TOYOTA,LAND CRUISER,,GRAY,S,8,GAS,A,4X4,A,B,SR,L,"182,268","$9,200"
2008,TOYOTA,PRIUS,TOURING,GRAY,5,4,H,A,4X2,A,CD,HT,C,"122,032","$3,600"
2014,TOYOTA,PRIUS,2,SILVER,5,4,H,A,4X2,A,CD,HT,C,"130,167","$9,600"
2012,TOYOTA,PRIUS,3,SILVER,5,4,H,A,4X2,A,CD,SR,C,"190,880","$5,300"
2019,TOYOTA,RAV4 AWD,ADVENTURE,BLUE,S,4,GAS,A,AWD,A,AM/FM,SR,L,"33,282","$36,000"
2015,TOYOTA,RAV4 AWD,NONE,CHARCOAL,S,4,C,A,AWD,,AM/FM,NO,C,"91,801","$18,500"
2017,TOYOTA,RAV4 AWD,NONE,SILVER,S,4,C,A,AWD,,N,NO,N,"12,501","$30,500"
2018,TOYOTA,RAV4 AWD,NONE,SILVER,S,4,C,A,AWD,,N,NO,N,"35,164","$27,800"
2015,TOYOTA,RAV4 AWD,XLE,TAN,S,4,GAS,A,AWD,A,CD,SR,C,"60,841","$19,400"
2019,TOYOTA,RAV4 AWD,XLE PREMIU,WHITE,S,4,GAS,A,AWD,A,AM/FM,SR,L,"47,719","$31,600"
2011,TOYOTA,RAV4 4X4 4C,,SILVER,S,4,GAS,A,4X4,A,CD,HT,C,"129,749","$8,500"
2012,TOYOTA,RAV4 4X4 4C,,TAN,S,4,GAS,A,4X4,A,CD,HT,C,"86,487","$10,900"
2007,TOYOTA,RAV4 4X4 4C,LIMITED,RED,S,4,GAS,A,4X4,A,CD,HT,C,"163,230","$5,500"
2008,TOYOTA,SEQUOIA 4X4 V8,PLATINUM,BROWN,S,8,GAS,O,4X4,A,CD,SR,L,"287,463","$7,000"
2019,TOYOTA,SIENNA AWD,NONE,GREEN,V,6,C,A,AWD,,AM/FM,MR,L,"23,111","$45,400"
2017,TOYOTA,TACOMA 4X4 DB,TRD OFF-RD,BLACK,D,6,GAS,6,4X4,A,,HT,C,"75,397","$29,200"
2017,TOYOTA,TUNDRA 4X4 CR,1794 EDIT,WHITE,C,8,GAS,A,4X4,A,CD,SR,E,"85,004","$35,600"
2007,TOYOTA,TUNDRA 4X4 V8,SR5,RED,C,8,GAS,A,4X4,A,CD,HT,C,"284,647","$8,200"
2015,TOYOTA,4RUNNER 4X4,LIMITED,GRAY,S,6,GAS,A,4X4,A,CD,SR,E,"76,303","$32,000"
2019,TOYOTA,4RUNNER 4X4,NONE,WHITE,S,6,C,A,4X4,,N,NO,N,"45,615","$41,600"
2015,TOYOTA,4RUNNER 4X4,SR5 PREM,BLACK,S,6,GAS,A,4X4,A,CD,SR,L,"179,694","$20,400"
2007,TOYOTA,CAMRY SOLARA 4C,SE,SILVER,2,4,GAS,A,4X2,A,CD,SR,C,"103,177","$4,300"
2006,TOYOTA,CAMRY 4C,,GRAY,4,4,GAS,,4X2,,,,,"180,443","$2,400"
2009,TOYOTA,CAMRY 4C,,WHITE,4,4,GAS,A,4X2,A,CD,HT,C,"105,199","$7,900"
2008,TOYOTA,CAMRY 4C,LE,GRAY,4,4,GAS,A,4X2,A,CD,HT,C,"106,606","$5,600"
2018,TOYOTA,CAMRY 4C,LE,WHITE,4,4,GAS,A,4X2,A,AM/FM,HT,C,"60,269","$17,700"
2013,TOYOTA,CAMRY 4C,SE,WHITE,4,4,GAS,A,4X2,A,CD,HT,C,"129,795","$8,100"
2017,TOYOTA,CAMRY 4C,SE,GRAY,4,4,GAS,A,4X2,A,CD,HT,B,"52,301","$18,600"
2018,TOYOTA,CAMRY 4C,XSE,BLACK,4,4,GAS,A,4X2,A,AM/FM,PN,E,"117,628","$17,000"
2003,TOYOTA,COROLLA,CE,MAROON,4,4,GAS,,4X2,,,,,"208,282","$1,100"
2008,TOYOTA,COROLLA,CE,GOLD,4,4,GAS,A,4X2,,CD,HT,C,"154,759","$3,800"
2014,TOYOTA,COROLLA,LE,WHITE,4,4,GAS,A,4X2,A,CD,HT,C,"107,634","$11,300"
2017,TOYOTA,COROLLA,LE,SILVER,4,4,GAS,A,4X2,A,CD,HT,C,"49,665","$14,000"
2018,TOYOTA,COROLLA,LE,GRAY,4,4,GAS,A,4X2,A,CD,SR,C,"85,367","$14,500"
2006,TOYOTA,COROLLA,S,GRAY,4,4,GAS,A,4X2,,CD,HT,C,"185,942","$2,400"
2011,TOYOTA,COROLLA,S,SILVER,4,4,GAS,M,4X2,,,,,"211,215","$4,300"
2004,TOYOTA,COROLLA,SPORT,WHITE,4,4,GAS,,4X2,,,,,"175,996","$3,400"
2007,TOYOTA,FJ CRUISER 4X4,,BLUE,S,6,GAS,A,4X4,A,CD,HT,C,"214,008","$9,200"
2014,TOYOTA,HIGHLNDR AWD V6,XLE,BLACK,S,6,GAS,A,AWD,A,CD,SR,E,"166,309","$16,400"
2009,TOYOTA,MATRIX FWD 4C,,RED,4,4,GAS,A,4X2,A,CD,HT,C,"161,868","$3,300"
2007,TOYOTA,PRIUS,NONE,SILVER,S,4,C,A,,,N,NO,N,"99,119","$6,100"
2019,TOYOTA,RAV4 AWD,LIMITED,BLACK,S,4,GAS,A,AWD,A,AM/FM,SR,L,"58,664","$33,800"
2013,TOYOTA,RAV4 AWD,XLE,BLACK,S,4,GAS,A,AWD,A,CD,SR,C,"78,815","$14,800"
2018,TOYOTA,RAV4 AWD,XLE,BLACK,S,4,GAS,A,AWD,A,CD,SR,C,"27,307","$26,600"
2007,TOYOTA,RAV4 FWD 4C,,WHITE,S,4,GAS,A,4X2,,,SR,,"175,248","$4,100"
2007,TOYOTA,RAV4 4X4 V6,LIMITED,BLUE,S,6,GAS,,4X4,,,,,"201,183","$3,300"
2008,TOYOTA,RAV4 4X4 4C,SPORT,SILVER,S,4,GAS,A,4X4,A,CD,SR,C,"177,757","$4,400"
2008,TOYOTA,SEQUOIA 4X2 V8,SR5,WHITE,S,8,GAS,O,4X2,A,CD,HT,L,"108,665","$12,400"
2014,TOYOTA,SIENNA FWD,LE,BLACK,V,6,GAS,A,4X2,A,CD,HT,C,"123,643","$13,600"
2019,TOYOTA,TACOMA 4X2 EX,SR,WHITE,X,4,GAS,A,4X2,A,CD,HT,C,"42,920","$22,300"
2008,TOYOTA,TACOMA 4X4 DB,,BLUE,C,6,GAS,A,4X4,A,CD,HT,C,"100,600","$15,000"
2019,TOYOTA,TACOMA 4X4 EX,SR,BLACK,X,6,GAS,A,4X4,A,CD,HT,C,"63,459","$29,000"
2016,TOYOTA,TACOMA 4X4 V6,SR,WHITE,D,6,GAS,A,4X4,A,CD,HT,C,"41,383","$30,000"
2007,TOYOTA,TUNDRA 4X4 V8,LTD,SILVER,C,8,GAS,O,4X4,A,CD,HT,E,"87,961","$13,500"
2004,TOYOTA,4RUNNER 4X4 V6,SR5,SILVER,S,6,GAS,A,4X4,,,SR,,"125,247","$6,500"
2005,TOYOTA,4RUNNER 4X4 V8,SR5,SILVER,S,8,GAS,A,4X4,A,B,SR,C,"186,991","$5,400"
2011,NISSAN,ALTIMA,2.5 S,WHITE,4,4,GAS,,4X2,,,,,"172,387","$2,100"
2008,NISSAN,ALTIMA,2.5 SL,BLACK,4,4,GAS,,4X2,,,SR,,"91,655","$3,599"
2019,NISSAN,ALTIMA AWD 4C,2.5 SL,WHITE,4,4,GAS,A,AWD,A,AM/FM,SR,L,"27,918","$28,400"
2019,NISSAN,ALTIMA AWD 4C,2.5 SL,SILVER,4,4,GAS,A,AWD,A,AM/FM,SR,L,"11,181","$28,400"
2020,NISSAN,ALTIMA AWD 4C,2.5 SR,BLUE,4,4,GAS,A,AWD,A,AM/FM,HT,L,"32,177","$23,400"
2019,NISSAN,ALTIMA FWD 4C,2.5 S,GRAY,4,4,GAS,A,4X2,A,AM/FM,HT,C,"3,921","$19,000"
2019,NISSAN,ALTIMA FWD 4C,2.5 S,SILVER,4,4,GAS,A,4X2,A,AM/FM,HT,C,"27,410","$21,600"
2004,NISSAN,ALTIMA 4C,S,SILVER,4,4,GAS,A,4X2,A,CD,HT,C,"144,137","$2,200"
2006,NISSAN,ALTIMA 4C,2.5 S,GREEN,4,4,GAS,A,4X2,,CD,HT,C,"110,946","$3,000"
2007,NISSAN,ALTIMA 4C,2.5 S,SILVER,4,4,GAS,A,4X2,,CD,HT,C,"65,592","$5,400"
2014,NISSAN,ALTIMA 4C,2.5 S,BROWN,4,4,GAS,A,4X2,A,CD,HT,C,"89,068","$6,500"
2015,NISSAN,ALTIMA 4C,2.5 S,BROWN,4,4,GAS,A,4X2,A,CD,HT,C,"35,231","$14,100"
2016,NISSAN,ALTIMA 4C,2.5 S,BLACK,4,4,GAS,A,4X2,A,CD,HT,C,"98,279","$8,200"
2016,NISSAN,ALTIMA 4C,2.5 S,BLACK,4,4,GAS,A,4X2,A,CD,HT,C,"43,440","$5,100"
2017,NISSAN,ALTIMA 4C,2.5 S,WHITE,4,4,GAS,A,4X2,A,CD,HT,C,"110,740","$7,000"
2018,NISSAN,ALTIMA 4C,2.5 S,BLACK,4,4,GAS,A,4X2,A,CD,HT,C,"37,254","$20,000"
2013,NISSAN,ALTIMA 4C,2.5 SL,WHITE,4,4,GAS,,,,,,,"88,799","$6,500"
2016,NISSAN,ALTIMA 4C,2.5 SL,BLACK,4,4,GAS,A,4X2,A,CD,SR,L,"47,898","$16,900"
2015,NISSAN,ALTIMA 4C,2.5 SV,WHITE,4,4,GAS,A,4X2,A,CD,HT,C,"53,381","$11,000"
2006,NISSAN,ARMADA 4X4,LE,BLUE,S,8,GAS,O,4X4,A,CD,SR,L,"169,592","$3,150"
2012,NISSAN,ARMADA 4X4,SL,SILVER,4,8,GAS,O,4X4,A,CD,SR,L,"89,933","$15,000"
2001,NISSAN,FRONTIER 4X4 CR,SE,TAN,C,6,GAS,A,4X4,A,CD,HT,C,"114,259","$7,400"
2013,NISSAN,JUKE AWD,S,BLACK,4,4,GAS,A,AWD,A,CD,HT,C,"87,033","$7,000"
2018,NISSAN,KICKS,S,SILVER,S,4,GAS,A,4X2,A,AM/FM,HT,C,"12,580","$21,200"
2017,NISSAN,MAXIMA,SL,GRAY,4,6,GAS,A,4X2,A,CD,MR,L,"69,951","$20,000"
2012,NISSAN,MAXIMA,3.5 S,BLACK,4,6,GAS,A,4X2,,,SR,,"152,523","$4,000"
2016,NISSAN,MAXIMA,3.5 S,BLACK,4,6,GAS,A,4X2,A,CD,HT,C,"115,845","$12,505"
2016,NISSAN,MAXIMA,3.5 SL,WHITE,4,6,GAS,A,4X2,A,CD,MR,E,"52,209","$21,800"
2009,NISSAN,MAXIMA,3.5 SV,WHITE,4,6,GAS,A,4X2,A,CD,MR,L,"162,623","$6,500"
2010,NISSAN,MAXIMA,3.5 SV,RED,4,6,GAS,A,4X2,A,,SR,L,"120,893","$5,300"
2012,NISSAN,MAXIMA,3.5 SV,WHITE,4,6,GAS,A,4X2,A,CD,SR,L,"109,396","$6,500"
2015,NISSAN,MURANO AWD,PLATINUM,SILVER,S,6,GAS,A,AWD,A,CD,PN,L,"158,510","$11,600"
2014,NISSAN,MURANO AWD,S,BLACK,S,6,GAS,A,AWD,A,CD,HT,C,"53,341","$13,200"
2019,NISSAN,MURANO AWD,S,BLACK,S,6,GAS,A,AWD,A,CD,HT,C,"22,473","$28,800"
2011,NISSAN,MURANO AWD,SL,WHITE,S,6,GAS,A,AWD,A,CD,MR,L,"151,355","$4,400"
2011,NISSAN,MURANO AWD,SL,MAROON,S,6,GAS,A,AWD,A,,MR,L,"68,035","$8,300"
2018,NISSAN,MURANO AWD,SL,WHITE,S,6,GAS,A,AWD,A,CD,PN,L,"32,145","$30,900"
2011,NISSAN,MURANO AWD,SV,GRAY,S,6,GAS,A,AWD,A,CD,MR,C,"129,941","$6,600"
2018,NISSAN,PATHFIND FWD,S,SILVER,S,6,GAS,A,4X2,A,CD,HT,C,"50,027","$24,900"
2014,NISSAN,PATHFIND 4X4,NONE,BLUE,S,6,C,A,4X4,,N,NO,N,"101,364","$14,700"
2013,NISSAN,PATHFIND 4X4,PLATINUM,BLACK,S,6,GAS,A,AWD,A,CD,MR,L,"144,709","$7,900"
2013,NISSAN,PATHFIND 4X4,PLATINUM,SILVER,S,6,GAS,A,AWD,A,CD,MR,L,"100,217","$12,000"
2018,NISSAN,PATHFIND 4X4,S,BLUE,S,6,GAS,A,4X4,A,CD,HT,C,"33,160","$24,400"
2006,NISSAN,PATHFIND 4X4,SE,BLACK,S,6,GAS,A,4X4,A,CD,SR,C,"124,923","$3,700"
2018,NISSAN,PATHFIND 4X4,SL,GRAY,S,6,GAS,A,4X4,A,CD,MR,E,"37,030","$29,300"
2019,NISSAN,PATHFIND 4X4,SL,BLACK,S,6,GAS,A,4X4,A,CD,HT,L,"48,555","$29,750"
2015,NISSAN,PATHFIND 4X4,SV,BLACK,S,6,GAS,A,4X4,A,CD,HT,C,"63,870","$17,500"
2012,NISSAN,PATHFIND 4X4 V6,SV,BLACK,S,6,GAS,A,4X4,A,CD,HT,C,"111,346","$9,400"
2008,NISSAN,PATHFINDER,LE,WHITE,S,8,GAS,A,4X4,,,SR,,"152,935","$5,500"
2008,NISSAN,ROGUE AWD,,BLACK,S,4,GAS,,AWD,,,,,"173,659","$2,900"
2009,NISSAN,ROGUE AWD,S,RED,4,4,GAS,A,AWD,A,CD,HT,C,"128,079","$4,300"
2013,NISSAN,ROGUE AWD,S,WHITE,S,4,GAS,A,AWD,A,CD,HT,C,"80,403","$8,500"
2013,NISSAN,ROGUE AWD,S,BLACK,S,4,GAS,A,AWD,A,CD,HT,C,"66,753","$10,800"
2018,NISSAN,ROGUE AWD,S,BLACK,S,4,GAS,A,AWD,A,CD,HT,C,"29,828","$22,000"
2013,NISSAN,ROGUE AWD,SL,RED,S,4,GAS,A,AWD,A,CD,SR,L,"96,017","$11,000"
2018,NISSAN,ROGUE AWD,SL,WHITE,S,4,GAS,A,AWD,A,CD,PN,E,"46,403","$25,200"
2018,NISSAN,ROGUE AWD,SL,WHITE,S,4,GAS,A,AWD,A,CD,HT,L,"17,530","$28,750"
2018,NISSAN,ROGUE AWD,SL,SILVER,S,4,GAS,A,AWD,A,CD,PN,L,"25,198","$26,899"
2015,NISSAN,ROGUE AWD,SV,BLUE,S,4,GAS,A,AWD,A,CD,HT,C,"68,581","$15,700"
2018,NISSAN,ROGUE AWD,SV,BLACK,S,4,GAS,A,AWD,A,CD,HT,C,"40,386","$23,000"
2018,NISSAN,ROGUE AWD,SV,GRAY,S,4,GAS,A,AWD,A,CD,HT,C,"42,121","$24,400"
2018,NISSAN,ROGUE AWD,SV,SILVER,S,4,GAS,A,AWD,A,CD,HT,C,"22,476","$25,400"
2018,NISSAN,ROGUE AWD,SV,BLUE,S,4,GAS,A,AWD,A,CD,HT,C,"34,359","$21,800"
2018,NISSAN,ROGUE AWD,SV,GREEN,S,4,GAS,A,AWD,A,CD,HT,C,"19,738","$24,500"
2019,NISSAN,ROGUE AWD 4C,S,GRAY,S,4,GAS,A,AWD,A,CD,HT,C,"25,959","$24,200"
2019,NISSAN,ROGUE AWD 4C,S,BLACK,S,4,GAS,A,AWD,A,CD,HT,C,"46,845","$22,600"
2016,NISSAN,ROGUE AWD 4C,SL,RED,S,4,GAS,A,AWD,A,CD,PN,L,"45,924","$21,800"
2016,NISSAN,ROGUE AWD 4C,SV,BLACK,S,4,GAS,A,AWD,A,CD,HT,C,"65,215","$13,800"
2019,NISSAN,ROGUE AWD 4C,SV,BLACK,S,4,GAS,A,AWD,A,CD,HT,C,"19,246","$27,800"
2020,NISSAN,ROGUE AWD 4C,SV,SILVER,S,4,GAS,A,,,,,,"11,195","$29,000"
2015,NISSAN,ROGUE SEL AWD,S,GRAY,S,4,GAS,A,AWD,A,CD,HT,C,"123,852","$8,000"
2015,NISSAN,ROGUE SEL AWD,S,SILVER,S,4,GAS,A,AWD,A,CD,HT,C,"23,118","$16,900"
2015,NISSAN,ROGUE SEL AWD,S,BLUE,S,4,GAS,A,AWD,A,CD,HT,C,"110,865","$10,300"
2018,NISSAN,ROGUE SPORT AWD,SL,WHITE,S,4,GAS,A,AWD,A,CD,HT,L,"88,817","$15,500"
2017,NISSAN,ROGUE SPORT AWD,SV,BLACK,S,4,GAS,A,AWD,A,CD,HT,C,"34,640","$18,700"
2019,NISSAN,SENTRA,S,GRAY,4,4,GAS,A,4X2,A,AM/FM,HT,C,"27,007","$17,600"
2014,NISSAN,SENTRA,SR,SILVER,4,4,GAS,A,4X2,A,CD,HT,C,"61,932","$9,400"
2018,NISSAN,SENTRA,SR,WHITE,4,4,GAS,A,4X2,A,CD,HT,C,"34,147","$16,800"
2015,NISSAN,SENTRA,SV,WHITE,4,4,GAS,A,4X2,A,CD,HT,C,"96,660","$7,400"
2019,NISSAN,SENTRA,SV,BLACK,4,4,GAS,A,4X2,A,AM/FM,HT,C,"34,751","$18,400"
2019,NISSAN,SENTRA,SV,WHITE,4,4,GAS,A,4X2,A,AM/FM,HT,C,"29,564","$19,000"
2019,NISSAN,SENTRA,SV,BLUE,4,4,GAS,A,4X2,A,AM/FM,HT,C,"40,802","$17,400"
2006,NISSAN,SENTRA,1.8 S,SILVER,4,4,GAS,A,4X2,,,,,"166,120","$2,400"
2012,NISSAN,SENTRA,2.0 SR,WHITE,4,4,GAS,A,4X2,A,,SR,C,"95,772","$3,500"
2009,NISSAN,SENTRA,2.0 SR FE+,BLACK,4,4,GAS,,4X2,,,,,"215,809","$1,400"
2006,NISSAN,TITAN 4X4 CR,LE,BLACK,C,8,GAS,O,4X4,T,CD,SR,L,"158,529","$8,200"
2017,NISSAN,TITAN 4X4 CR,SL,GRAY,C,8,GAS,A,4X4,A,CD,HT,E,"81,819","$30,900"
2020,NISSAN,VERSA,SR,BLUE,4,4,GAS,A,4X2,,,HT,,"65,039","$17,900"
2019,NISSAN,VERSA,SV,GRAY,4,4,GAS,A,4X2,A,AM/FM,HT,C,"48,728","$16,200"
2016,NISSAN,VERSA NOTE,SV,BLACK,5,4,GAS,A,4X2,A,CD,HT,C,"119,690","$2,900"
2008,NISSAN,XTERRA 4X4,S,BLACK,4,6,GAS,A,4X4,A,CD,HT,C,"223,212","$2,100"
2009,NISSAN,ALTIMA,2.5 S,WHITE,4,4,GAS,,4X2,,,,,"147,026","$2,500"
2011,NISSAN,ALTIMA,2.5 S,WHITE,4,4,GAS,A,4X2,,,,,"171,686","$2,000"
2020,NISSAN,ALTIMA FWD 4C,2.5 S,SILVER,4,4,GAS,A,4X2,A,AM/FM,HT,C,"20,483","$22,800"
2012,NISSAN,ALTIMA 4C,2.5 S,BLACK,4,4,GAS,A,4X2,A,CD,SR,L,"161,672","$4,000"
2014,NISSAN,ALTIMA 4C,2.5 S,WHITE,4,4,GAS,A,4X2,A,CD,HT,C,"132,890","$8,000"
2016,NISSAN,ALTIMA 4C,2.5 S,BLACK,4,4,GAS,A,4X2,A,CD,HT,C,"98,254","$10,800"
2013,NISSAN,ALTIMA 4C,2.5 SV,BLUE,4,4,GAS,A,4X2,A,CD,HT,C,"89,382","$9,700"
2017,NISSAN,ALTIMA 4C,2.5 SV,GRAY,4,4,GAS,A,4X2,A,CD,HT,C,"51,000","$17,800"
2011,NISSAN,ARMADA,PLATINUM,BLACK,S,8,GAS,A,4X4,,,SR,,"164,517","$8,100"
2017,NISSAN,ARMADA AWD,SV,SILVER,S,8,GAS,A,4X4,A,CD,HT,C,"60,748","$28,800"
2009,NISSAN,FRONTIER,SE,GRAY,C,6,GAS,A,4X4,,,,,"205,538","$7,300"
2012,NISSAN,FRONTIER 4X4 EX,SV,RED,X,6,GAS,A,4X4,A,CD,HT,C,"188,088","$7,700"
2020,NISSAN,KICKS,S,SILVER,S,4,GAS,A,4X2,A,AM/FM,HT,C,"29,846","$19,400"
2009,NISSAN,MAXIMA,,GRAY,4,6,GAS,,4X2,,,SR,,"140,787","$5,800"
2017,NISSAN,MAXIMA,PLATINUM,BLACK,4,6,GAS,A,4X2,A,CD,MR,L,"42,388","$23,000"
2018,NISSAN,MAXIMA,SL,RED,4,6,GAS,A,4X2,A,CD,MR,L,"21,735","$30,500"
2014,NISSAN,MAXIMA,3.5 SV PRM,RED,4,6,GAS,A,4X2,A,CD,MR,L,"46,251","$18,200"
2009,NISSAN,MURANO AWD,S,GRAY,4,6,GAS,A,AWD,A,CD,HT,C,"152,158","$3,300"
2018,NISSAN,MURANO AWD,SL,WHITE,S,6,GAS,A,AWD,A,CD,HT,E,"30,521","$29,500"
2013,NISSAN,MURANO CROSSCAB,,BLACK,2,6,GAS,A,AWD,A,CD,CV,L,"113,097","$7,200"
2011,NISSAN,MURANO FWD,SL,BROWN,S,6,GAS,A,4X2,A,CD,MR,L,"151,799","$3,400"
2018,NISSAN,PATHFIND 4X4,SL,WHITE,S,6,GAS,A,4X4,A,CD,HT,L,"42,848","$28,300"
2009,NISSAN,ROGUE,SL,GRAY,4,4,GAS,,AWD,,,,,"145,445","$3,300"
2010,NISSAN,ROGUE AWD,S,BLACK,4,4,GAS,A,AWD,A,CD,HT,C,"117,189","$1,800"
2013,NISSAN,ROGUE AWD,S,WHITE,S,4,GAS,A,AWD,A,CD,HT,C,"70,599","$9,400"
2015,NISSAN,ROGUE AWD,S,WHITE,S,4,GAS,A,AWD,A,CD,HT,C,"75,332","$16,200"
2015,NISSAN,ROGUE AWD,SL,BLACK,S,4,GAS,A,AWD,A,CD,PN,L,"72,126","$17,700"
2011,NISSAN,ROGUE AWD,SV,SILVER,S,4,GAS,A,AWD,A,CD,HT,C,"152,104","$1,900"
2018,NISSAN,ROGUE AWD,SV,BLACK,S,4,GAS,A,AWD,A,CD,HT,C,"29,250","$21,500"
2018,NISSAN,ROGUE AWD,SV,BLACK,S,4,GAS,A,AWD,A,CD,HT,C,"85,881","$17,800"
2019,NISSAN,ROGUE AWD 4C,S,GRAY,S,4,GAS,A,AWD,A,CD,HT,C,"32,603","$23,600"
2019,NISSAN,ROGUE AWD 4C,S,BLUE,S,4,GAS,A,AWD,A,CD,HT,C,"38,825","$24,000"
2017,NISSAN,ROGUE AWD 4C,SL,WHITE,S,4,GAS,A,AWD,A,CD,PN,L,"37,287","$24,400"
2019,NISSAN,ROGUE AWD 4C,SV,BLACK,S,4,GAS,A,AWD,A,CD,HT,C,"37,541","$24,000"
2014,NISSAN,ROGUE SEL AWD,S,BLACK,S,4,GAS,A,AWD,A,AM/FM,HT,C,"82,026","$8,500"
2019,NISSAN,ROGUE SPORT AWD,S,WHITE,S,4,GAS,A,AWD,A,CD,HT,C,"22,193","$22,800"
2016,NISSAN,SENTRA,S,SILVER,4,4,GAS,A,4X2,A,CD,HT,C,"60,716","$8,400"
2019,NISSAN,SENTRA,SR,BLUE,4,4,GAS,A,4X2,A,,HT,C,"29,984","$17,700"
2020,NISSAN,SENTRA,SR,WHITE,4,4,GAS,A,4X2,A,AM/FM,HT,C,"27,690","$22,600"
2018,NISSAN,SENTRA,SV,GRAY,4,4,GAS,A,4X2,A,CD,HT,C,"60,617","$11,100"
2019,NISSAN,SENTRA,SV,WHITE,4,4,GAS,A,4X2,A,,HT,C,"43,562","$12,600"
2019,NISSAN,SENTRA,SV,GRAY,4,4,GAS,A,4X2,A,AM/FM,HT,C,"9,752","$20,500"
2012,NISSAN,VERSA,SV,WHITE,4,4,GAS,A,4X2,A,CD,HT,C,"122,124","$2,200"
2006,NISSAN,XTERRA,SE,GREY,S,6,GAS,A,4X4,,CD,HT,C,"154,849","$3,400"
2019,NISSAN,ALTIMA FWD 4C,2.5 S,BLUE,4,4,GAS,A,4X2,A,AM/FM,HT,C,"15,042","$21,200"
2005,NISSAN,ALTIMA V6,3.5 SE,SILVER,4,6,GAS,A,4X2,A,CD,HT,C,"293,074",$500
2015,NISSAN,ALTIMA V6,3.5 SL,WHITE,4,6,GAS,A,4X2,A,CD,SR,L,"84,209","$12,400"
2017,NISSAN,ALTIMA 4C,NONE,WHITE,S,4,C,A,,,N,NO,N,"60,199","$16,000"
2017,NISSAN,ALTIMA 4C,NONE,GRAY,S,4,C,A,,,N,NO,N,"112,859","$10,095"
2015,NISSAN,ALTIMA 4C,2.5 S,WHITE,4,4,GAS,A,4X2,A,CD,HT,C,"129,687","$4,500"
2016,NISSAN,ALTIMA 4C,2.5 S,WHITE,4,4,GAS,A,4X2,A,CD,HT,C,"47,545","$15,200"
2018,NISSAN,ALTIMA 4C,2.5 S,SILVER,4,4,GAS,A,4X2,A,CD,HT,C,"46,727","$18,000"
2018,NISSAN,ALTIMA 4C,2.5 S,BLACK,4,4,GAS,A,4X2,A,,HT,C,"42,482","$18,000"
2018,NISSAN,ALTIMA 4C,2.5 SL,WHITE,4,4,GAS,A,4X2,A,CD,HT,L,"39,650","$20,800"
2017,NISSAN,ALTIMA 4C,2.5 SR,WHITE,4,4,GAS,A,4X2,A,CD,HT,C,"65,113","$13,700"
2013,NISSAN,ARMADA 4X4,SV,RED,S,8,GAS,O,4X4,A,CD,HT,C,"84,431","$14,200"
2009,NISSAN,FRNTR 4X4 CR,LE,BLACK,C,6,GAS,A,4X4,A,CD,SR,L,"249,645","$6,000"
2012,NISSAN,FRONTIER 4X4 CR,PRO-4X,WHITE,C,6,GAS,A,4X4,A,CD,SR,C,"102,693","$14,000"
2017,NISSAN,FRONTIER 4X4 CR,PRO-4X,SILVER,C,6,GAS,A,4X4,A,CD,SR,E,"44,869","$27,800"
2014,NISSAN,FRONTIER 4X4 CR,S,SILVER,C,6,GAS,A,4X4,A,CD,HT,C,"91,048","$13,900"
2019,NISSAN,KICKS,S,GRAY,S,4,GAS,A,4X2,A,AM/FM,HT,C,"24,233","$19,700"
2017,NISSAN,MAXIMA,S,GRAY,4,6,GAS,A,4X2,A,CD,HT,C,"68,839","$19,000"
2016,NISSAN,MAXIMA,3.5 PLAT,GRAY,4,6,GAS,A,4X2,A,CD,MR,L,"111,068","$15,800"
2018,NISSAN,MURANO FWD,SV,SILVER,S,6,GAS,A,4X2,A,CD,HT,C,"55,962","$21,600"
2017,NISSAN,NV2500 CARGO V6,2500 SV,WHITE,V,6,GAS,A,4X2,A,CD,HT,C,"62,463","$7,400"
2014,NISSAN,PATHFIND 4X4,PLATINUM,SILVER,S,6,GAS,A,4X4,A,CD,MR,L,"150,050","$10,500"
2014,NISSAN,PATHFIND 4X4,SV,BLACK,S,6,GAS,A,4X4,A,CD,HT,C,"101,635","$7,200"
2012,NISSAN,PATHFIND 4X4 V6,S,BLACK,S,6,GAS,A,4X4,A,CD,HT,C,"186,826","$3,400"
2017,NISSAN,QUEST,SV,GRAY,V,6,GAS,A,4X2,A,CD,HT,C,"99,660","$12,700"
2009,NISSAN,ROGUE AWD,S,BLACK,4,4,GAS,A,AWD,A,CD,HT,C,"164,765","$2,600"
2013,NISSAN,ROGUE AWD,S,GRAY,S,4,GAS,A,AWD,A,CD,HT,C,"146,014","$4,900"
2018,NISSAN,ROGUE AWD,S,WHITE,S,4,GAS,A,AWD,A,CD,HT,C,"32,199","$19,900"
2018,NISSAN,ROGUE AWD,S,GRAY,S,4,GAS,A,AWD,A,CD,HT,C,"73,820","$13,900"
2018,NISSAN,ROGUE AWD,S,BLACK,S,4,GAS,A,AWD,A,CD,HT,C,"78,499","$12,200"
2011,NISSAN,ROGUE AWD,SV,GRAY,S,4,GAS,A,AWD,A,CD,SR,C,"128,403","$4,300"
2013,NISSAN,ROGUE AWD,SV,BLACK,S,4,GAS,A,AWD,A,CD,HT,C,"131,594","$4,100"
2019,NISSAN,ROGUE AWD 4C,SL,GREEN,S,4,GAS,A,AWD,A,CD,HT,L,"69,924","$23,250"
2012,NISSAN,ROGUE FWD,S,SILVER,4,4,GAS,A,4X2,A,CD,HT,C,"126,740","$1,300"
2017,NISSAN,SENTRA,SV,BLACK,4,4,GAS,A,4X2,A,CD,HT,C,"57,188","$13,400"
2019,NISSAN,SENTRA,SV,WHITE,4,4,GAS,A,4X2,A,,HT,C,"43,572","$15,300"
2017,NISSAN,TITAN XD 4X4 RG,SV,GRAY,R,8,DIESEL,A,4X4,A,CD,HT,C,"90,868","$17,800"
2014,NISSAN,VERSA,NONE,RED,S,4,C,A,,,N,NO,N,"71,780","$6,900"
2017,NISSAN,VERSA,NONE,BLUE,S,4,C,A,,,N,NO,N,"104,496","$9,500"
2018,NISSAN,VERSA,SV,SILVER,4,4,GAS,A,4X2,A,CD,HT,C,"89,790","$7,800"
2007,NISSAN,XTERRA 4X4,S,BLACK,S,6,GAS,A,4X4,A,CD,HT,C,"153,834","$2,700"
2008,NISSAN,ALTIMA,2.5 S,WHITE,4,4,GAS,,4X2,,CD,HT,C,"201,848","$2,000"
2019,NISSAN,ALTIMA,2.5 S,BLACK,4,4,GAS,,4X2,,,,,"31,873","$21,300"
2019,NISSAN,ALTIMA AWD 4C,2.5 SL,WHITE,4,4,GAS,A,AWD,A,AM/FM,SR,L,"39,450","$23,800"
2019,NISSAN,ALTIMA FWD 4C,2.5 PLATIN,RED,4,4,GAS,A,4X2,A,AM/FM,HT,L,"22,829","$28,200"
2012,NISSAN,ALTIMA V6,3.5 SR,WHITE,2,6,GAS,A,4X2,A,CD,SR,L,"133,865","$6,800"
2006,NISSAN,ALTIMA 4C,,TAN,4,4,GAS,,4X2,,,,,"77,637","$2,300"
2014,NISSAN,ALTIMA 4C,2.5 S,GRAY,4,4,GAS,A,4X2,A,CD,HT,C,"123,257","$7,800"
2014,NISSAN,ALTIMA 4C,2.5 S,BROWN,4,4,GAS,A,4X2,A,CD,HT,C,"115,749","$9,400"
2016,NISSAN,ALTIMA 4C,2.5 S,WHITE,4,4,GAS,A,4X2,A,CD,HT,C,"76,669","$11,800"
2016,NISSAN,ALTIMA 4C,2.5 S,GRAY,4,4,GAS,A,4X2,A,CD,HT,C,"172,621","$4,100"
2016,NISSAN,ALTIMA 4C,2.5 S,SILVER,4,4,GAS,A,4X2,A,CD,HT,C,"121,143","$8,100"
2017,NISSAN,ALTIMA 4C,2.5 S,SILVER,4,4,GAS,A,4X2,A,CD,HT,C,"95,481","$13,800"
2016,NISSAN,ALTIMA 4C,2.5 SV,WHITE,4,4,GAS,A,4X2,A,CD,HT,C,"49,956","$10,000"
2017,NISSAN,ALTIMA 4C,2.5 SV,BLUE,4,4,GAS,A,4X2,A,CD,HT,C,"90,680","$11,100"
2011,NISSAN,ARMADA 4X4,PLATINUM,BLUE,S,8,GAS,O,4X4,A,CD,SR,E,"129,425","$7,500"
2011,NISSAN,FRONTIER,SL,GRAY,C,6,GAS,A,4X4,,,,,"123,942","$8,500"
2019,NISSAN,MAXIMA,SR,BLACK,4,6,GAS,A,4X2,A,CD,HT,B,"32,748","$29,800"
2011,NISSAN,MAXIMA,3.5 SV,BLACK,4,6,GAS,A,4X2,A,CD,SR,L,"111,201","$6,400"
2012,NISSAN,MAXIMA,3.5 SV SPT,BLACK,4,6,GAS,A,4X2,A,AM/FM,SR,E,"144,824","$6,100"
2020,NISSAN,MURANO AWD,S,GRAY,S,6,GAS,A,AWD,A,CD,HT,C,"19,399","$28,100"
2017,NISSAN,MURANO AWD V6,SV,GRAY,S,6,GAS,A,AWD,A,CD,PN,C,"46,515","$23,800"
2017,NISSAN,QUEST,SV,SILVER,V,6,GAS,A,4X2,A,CD,HT,C,"128,548","$5,900"
2016,NISSAN,ROGUE,S,BLACK,S,4,GAS,,AWD,,,,,"58,434","$14,800"
2008,NISSAN,ROGUE,SL,GRAY,S,4,GAS,,AWD,,,,,"109,072","$4,000"
2010,NISSAN,ROGUE,SL,BLUE,4,4,GAS,,AWD,,,,,"146,157","$4,800"
2012,NISSAN,ROGUE AWD,S,BLUE,4,4,GAS,A,AWD,A,CD,HT,C,"77,916","$10,000"
2013,NISSAN,ROGUE AWD,S,BLACK,S,4,GAS,A,AWD,A,CD,HT,C,"113,269","$8,000"
2013,NISSAN,ROGUE AWD,SV,WHITE,S,4,GAS,A,AWD,A,CD,HT,C,"77,848","$8,100"
2016,NISSAN,ROGUE AWD 4C,S,WHITE,S,4,GAS,A,AWD,A,CD,HT,C,"106,834","$13,000"
2020,NISSAN,ROGUE AWD 4C,S,GRAY,S,4,GAS,A,AWD,A,CD,HT,C,"16,072","$25,500"
2019,NISSAN,ROGUE AWD 4C,SL,WHITE,S,4,GAS,A,AWD,A,CD,PN,L,"44,605","$26,000"
2019,NISSAN,ROGUE AWD 4C,SL,WHITE,S,4,GAS,A,AWD,A,CD,PN,L,"36,694","$26,600"
2019,NISSAN,ROGUE AWD 4C,SL,RED,S,4,GAS,A,AWD,A,CD,PN,E,"29,948","$27,500"
2017,NISSAN,ROGUE AWD 4C,SV,BLACK,S,4,GAS,A,AWD,A,CD,HT,C,"78,072","$14,600"
2019,NISSAN,ROGUE AWD 4C,SV,WHITE,S,4,GAS,A,AWD,A,CD,HT,C,"35,471","$22,000"
2019,NISSAN,ROGUE SPORT AWD,SV,BLACK,S,4,GAS,A,AWD,A,CD,HT,C,"13,185","$23,900"
2004,NISSAN,SENTRA,S,BLUE,4,4,GAS,A,4X2,,,,,"65,250","$3,400"
2018,NISSAN,SENTRA,S,GRAY,4,4,GAS,A,4X2,,,NO,,"90,294","$10,800"
2018,NISSAN,SENTRA,S,GRAY,4,4,GAS,,4X2,,,,,"107,910","$8,450"
2019,NISSAN,SENTRA,S,BLACK,4,4,GAS,A,4X2,A,AM/FM,HT,C,"56,345","$15,400"
2013,NISSAN,SENTRA,SR,GRAY,4,4,GAS,A,4X2,A,CD,HT,C,"75,194","$8,000"
2019,NISSAN,SENTRA,SR,WHITE,4,4,GAS,A,4X2,A,AM/FM,HT,C,"30,518","$8,000"
2018,NISSAN,SENTRA,SV,SILVER,4,4,GAS,A,4X2,A,,HT,C,"18,267","$15,100"
2008,NISSAN,SENTRA,2,BLACK,4,4,GAS,A,4X2,,CD,HT,C,"147,053","$1,800"
2010,NISSAN,SENTRA,2.0 SR,BLACK,4,4,GAS,A,4X2,A,CD,HT,C,"126,875","$3,800"
2012,NISSAN,VERSA,SV,BLACK,4,4,GAS,A,4X2,A,CD,SR,C,"125,183",$700
2017,NISSAN,VERSA,SV,BLUE,4,4,GAS,A,4X2,A,CD,HT,C,"52,881","$10,000"
2015,MERCEDES-B,C300W4,C300,WHITE,4,4,GAS,A,AWD,A,CD,MR,E,"60,565","$21,200"
2008,MERCEDES-B,C300W4,NONE,RED,N,6,C,A,AWD,,N,NO,N,"196,259","$4,000"
2008,MERCEDES-B,C300W4,3.0L,BLACK,4,6,GAS,A,AWD,A,CD,SR,L,"45,065","$12,100"
2018,MERCEDES-B,E300W,E 300,WHITE,4,4,GAS,A,4X2,A,AM/FM,SR,L,"32,082","$37,400"
2014,MERCEDES-B,E350W,E350,BLACK,4,6,GAS,A,4X2,A,CD,SR,T,"88,380","$14,200"
2018,MERCEDES-B,GLC300W4,GLC 300,GRAY,S,4,GAS,A,AWD,A,CD,MR,E,"26,066","$37,000"
2016,MERCEDES-B,GLE350W4,GLE350,WHITE,S,6,E,A,AWD,A,CD,SR,E,"74,122","$29,400"
2017,MERCEDES-B,GLE350W4,GLE350,WHITE,S,6,GAS,A,AWD,A,CD,SR,L,"49,418","$35,750"
2011,MERCEDES-B,GLK350W4,GLK350,WHITE,4,6,GAS,A,AWD,A,CD,SR,C,"56,771","$15,900"
2013,MERCEDES-B,GLK350W4,GLK350,BLACK,S,6,GAS,A,AWD,A,CD,SR,L,"136,388","$11,000"
2011,MERCEDES-B,GL450,GL450,GRAY,S,8,GAS,A,AWD,A,CD,SR,L,"112,574","$13,100"
2013,MERCEDES-B,ML350W4,ML350,BLACK,4,6,GAS,A,AWD,A,CD,PN,E,"143,735","$14,200"
1972,MERCEDES-B,250,NONE,BLUE,N,,,A,4X2,,AM/FM,NO,N,"53,713","$10,625"
2019,MERCEDES-B,A220W4,A 220,WHITE,4,4,GAS,A,AWD,A,,SR,E,"18,165","$34,250"
2019,MERCEDES-B,C300W4,C 300,SILVER,4,4,GAS,A,AWD,A,AM/FM,MR,L,"18,128","$36,250"
2019,MERCEDES-B,C300W4,C 300,BLACK,4,4,GAS,A,AWD,A,AM/FM,MR,E,"41,897","$30,250"
2012,MERCEDES-B,C300W4,C300,BLACK,4,6,GAS,A,AWD,A,CD,SR,E,"64,595","$14,000"
2015,MERCEDES-B,E350W4,E350,BLACK,4,6,GAS,A,AWD,A,CD,SR,E,"74,850","$21,250"
2015,MERCEDES-B,E350W4,E350,WHITE,4,6,GAS,A,AWD,A,CD,SR,E,"44,009","$25,500"
2018,MERCEDES-B,GLA250W4,GLA 250,WHITE,S,4,E,A,AWD,A,CD,MR,E,"41,537","$30,750"
2021,MERCEDES-B,GLC300W4,GLC 300,WHITE,S,4,GAS,A,AWD,A,AM/FM,MR,E,"9,108","$51,000"
2016,MERCEDES-B,GLC300W4,GLC300,GRAY,S,4,GAS,A,AWD,A,CD,MR,E,"89,699","$23,750"
2010,MERCEDES-B,S550V4,S550,BLACK,4,8,GAS,A,AWD,A,CD,SR,E,"104,227","$16,000"
2019,MERCEDES-B,C300W4,C 300,BLACK,4,4,GAS,A,AWD,A,AM/FM,MR,E,"27,396","$33,600"
2014,MERCEDES-B,E350C,E350,BLACK,2,6,E,A,4X2,A,CD,PN,L,"67,562","$19,500"
2018,MERCEDES-B,GLE350W4,GLE 350,SILVER,S,6,GAS,A,AWD,A,CD,SR,L,"44,163","$38,000"
2014,MERCEDES-B,GLK350W4,GLK350,BLACK,4,6,GAS,A,AWD,A,CD,PN,L,"91,714","$16,250"
2020,MERCEDES-B,GLS450W4,GLS 450,WHITE,S,6,T,A,AWD,A,AM/FM,PN,E,"22,087","$74,000"
2014,MERCEDES-B,GL450 4MATIC,GL450,BLACK,S,8,GAS,A,AWD,A,CD,SR,L,"80,044","$22,000"
2021,MERCEDES-B,G63W4 AMG,NONE,BLUE,S,8,C,A,AWD,,N,NO,N,"2,500","$261,000"
2015,MERCEDES-B,ML350W4,ML350,GRAY,S,6,E,A,AWD,A,CD,SR,E,"60,793","$24,400"
2006,MERCEDES-B,R350,3.5L,SILVER,4,6,GAS,A,4X4,A,CD,SR,E,"117,975","$3,300"
2012,MERCEDES-B,SLK250,SLK250,BLACK,2,4,GAS,A,4X2,A,CD,SR,L,"36,667","$22,700"
2019,MERCEDES-B,CLA250C4,CLA 250,SILVER,4,4,E,A,AWD,A,CD,PN,L,"9,577","$32,400"
2019,MERCEDES-B,C300C4,C 300,WHITE,2,4,GAS,A,AWD,A,AM/FM,PN,L,"30,952","$38,000"
2011,MERCEDES-B,C300W4,C300,GRAY,4,6,GAS,A,AWD,A,CD,SR,E,"160,361","$4,000"
2012,MERCEDES-B,C300W4,C300,WHITE,4,6,GAS,A,AWD,A,CD,SR,L,"85,698","$13,200"
2015,MERCEDES-B,C300W4,C300,BLACK,4,4,GAS,A,AWD,A,CD,HT,E,"52,856","$21,000"
2012,MERCEDES-B,E350W4,E350,BLACK,4,6,GAS,A,AWD,A,CD,SR,E,"102,158","$10,600"
2013,MERCEDES-B,E350W4,E350,SILVER,4,6,GAS,A,AWD,A,CD,SR,L,"73,079","$17,600"
2005,MERCEDES-B,E500W,5.0L,BLUE,4,8,GAS,A,4X2,A,CD,SR,L,"138,728","$4,500"
2010,MERCEDES-B,GLK350W4,GLK350,SILVER,S,6,GAS,A,AWD,A,CD,PN,L,"152,858","$6,900"
2010,MERCEDES-B,GLK350W4,GLK350,WHITE,S,6,GAS,A,AWD,A,CD,PN,L,"117,273","$8,800"
2015,MERCEDES-B,ML350W4,ML350,SILVER,S,6,E,A,AWD,A,CD,SR,E,"70,323","$25,300"
2018,MERCEDES,CLA250C4,CLA 250,BLUE,4,4,GAS,A,AWD,A,CD,PN,E,"5,956","$35,000"
2019,MERCEDES,CLS 450C4,CLS 450,BLACK,4,6,H,A,AWD,A,AM/FM,SR,L,"21,459","$59,600"
2005,MERCEDES,C230WZ,1.8L,BLACK,4,4,GAS,,4X2,,,,,"232,947",$750
2006,MERCEDES,E350W4,,BLACK,4,6,GAS,A,AWD,A,CD,SR,L,"84,612","$4,800"
2016,MERCEDES,GLC300W4,GLC300,GRAY,S,4,GAS,A,AWD,A,CD,MR,E,"89,701","$16,000"
2015,MERCEDES,ML350W4,ML350,WHITE,S,6,E,A,AWD,A,CD,SR,E,"104,983","$18,400"
2010,MERCEDES,S550V4,S550,SILVER,4,8,GAS,A,AWD,A,CD,PN,L,"102,190","$13,700"
2017,MERCEDES,S550V4,S550,BLACK,4,8,GAS,A,AWD,T,CD,MR,L,"65,072","$42,750"
2014,MERCEDES,CLA250C,CLA250,SILVER,4,4,GAS,A,4X2,A,CD,HT,L,"103,493","$3,400"
2014,MERCEDES,CLA250C4,CLA250,WHITE,4,4,GAS,A,AWD,A,CD,PN,E,"68,522","$9,600"
2002,MERCEDES,C240W,,SILVER,4,6,GAS,,4X2,,,,,"142,917",$550
2010,MERCEDES,C300W4,C300,WHITE,4,6,GAS,A,AWD,A,CD,SR,E,"99,448","$8,400"
2000,MERCEDES,E320S4,,TAN,S,6,GAS,A,AWD,A,TAPE,SR,L,"257,509",$800
2008,MERCEDES,ML350,,BLACK,4,6,GAS,A,4X4,A,CD,SR,L,"138,960","$5,200"
2009,MERCEDES,SL63 AMG,AMG,WHITE,2,8,GAS,A,4X2,A,CD,HC,L,"43,199","$29,500"
2016,MERCEDES,CLA250C4,CLA250,WHITE,4,4,E,A,AWD,A,CD,SR,L,"60,626","$18,500"
2010,MERCEDES,C300W4,C300,WHITE,4,6,GAS,A,AWD,A,CD,SR,L,"152,572","$3,800"
2015,MERCEDES,C300W4,C300,SILVER,4,4,GAS,A,AWD,A,AM/FM,MR,L,"76,961","$20,500"
2019,MERCEDES,E300W4,E 300,SILVER,4,4,GAS,A,AWD,A,AM/FM,MR,E,"51,002","$37,500"
2010,MERCEDES,E350W4,E350,WHITE,4,6,GAS,,AWD,,,,,"193,616","$5,200"
2013,MERCEDES,E350W4,E350,SILVER,4,6,GAS,A,AWD,A,CD,SR,E,"92,377","$13,700"
2006,MERCEDES,E500W4,,SILVER,4,8,GAS,A,AWD,A,CD,SR,L,"155,580","$4,000"
2011,MERCEDES,C300W4,C300,BLACK,4,6,GAS,A,AWD,,,SR,,"141,109","$6,100"
2012,MERCEDES,C300W4,C300,WHITE,4,6,GAS,A,AWD,A,CD,PN,E,"130,728","$9,600"
2012,MERCEDES,C300W4,C300,BLACK,4,6,GAS,,AWD,,,,,"126,384","$7,000"
2013,MERCEDES,E350BTC,BLUE TEC,WHITE,4,6,DIESEL,A,4X2,A,CD,SR,E,"140,132","$5,200"
2006,MERCEDES,E350W4,,BLACK,4,6,GAS,A,AWD,A,CD,SR,L,"84,612","$3,100"
2008,MERCEDES,E350W4,,SILVER,4,6,GAS,A,AWD,A,CD,SR,L,"140,607","$4,400"
2010,MERCEDES,GLK-CLASS,GLK350,WHITE,S,6,GAS,A,AWD,,,,,"114,940","$10,100"
2015,MERCEDES,GL450 4MATIC,GL450,BLACK,S,6,GAS,A,AWD,A,CD,MR,L,"92,330","$18,800"
2011,MERCEDES,ML350BTC,ML350 BLUE,GRAY,4,6,DIESEL,A,AWD,A,CD,SR,L,"106,743","$4,200"
2005,MERCEDES,SLK350,,SILVER,2,6,GAS,A,4X2,,,HC,,"57,346","$5,700"
1996,MERCEDES,SL320R,,BLUE,2,6,GAS,,4X2,,,,,"134,910","$2,200"
2017,MAZDA,CX-3 FWD,SPORT,RED,S,4,GAS,A,4X2,A,CD,HT,C,"51,673","$16,400"
2018,MAZDA,CX-5 AWD 4C,GRAND TOUR,BLUE,S,4,GAS,A,AWD,A,AM/FM,SR,L,"20,495","$29,200"
2018,MAZDA,CX-5 AWD 4C,TOURING,WHITE,S,4,GAS,A,AWD,A,AM/FM,SR,B,"72,330","$21,900"
2018,MAZDA,CX-5 AWD 4C,TOURING,BLUE,S,4,GAS,A,AWD,A,AM/FM,SR,E,"37,402","$25,800"
2018,MAZDA,CX-5 AWD 4C,TOURING,RED,S,4,GAS,A,AWD,A,AM/FM,SR,B,"25,856","$27,000"
2007,MAZDA,CX-9,,PURPLE,4,6,GAS,A,4X2,,,,,"202,616","$2,200"
2019,MAZDA,CX-9 AWD,TOURING,SILVER,S,4,GAS,A,AWD,A,AM/FM,SR,E,"26,826","$34,750"
2015,MAZDA,MAZDA3,I GTOUR,BLUE,5,4,GAS,A,4X2,A,CD,SR,E,"82,079","$13,300"
2007,MAZDA,MAZDA6,I TOURING,BLACK,4,4,GAS,A,4X2,,,SR,,"125,342","$2,300"
2009,MAZDA,MAZDA6,I TOURING,BLUE,4,4,GAS,A,4X2,,,,,"164,814","$4,200"
2017,MAZDA,CX-3 AWD,SPORT,WHITE,S,4,GAS,A,AWD,A,CD,HT,C,"47,094","$18,200"
2019,MAZDA,CX-5 AWD 4C,GRAND TOUR,BLUE,S,4,GAS,A,AWD,A,AM/FM,SR,L,"2,609","$33,200"
2015,MAZDA,CX-5 AWD 4C,SPORT,BLUE,S,4,GAS,A,AWD,A,CD,HT,C,"149,592","$8,400"
2016,MAZDA,CX-5 AWD 4C,SPORT,RED,S,4,GAS,A,AWD,A,CD,HT,C,"92,607","$12,000"
2013,MAZDA,CX-9 AWD,GRAND TOUR,GRAY,S,6,GAS,A,AWD,A,CD,HT,E,"101,581","$7,700"
2010,MAZDA,CX-9 AWD V6,GR TOURING,BLACK,4,6,GAS,A,AWD,A,CD,SR,L,"231,680","$2,900"
2016,MAZDA,MAZDA3,I SPORT,GRAY,4,4,GAS,A,4X2,A,AM/FM,HT,C,"58,697","$15,100"
2015,MAZDA,MAZDA3,I TOURING,WHITE,4,4,GAS,A,4X2,A,AM/FM,SR,C,"93,668","$12,800"
2009,MAZDA,MAZDA3,I TRG VAL,SILVER,4,4,GAS,A,4X2,A,CD,SR,C,"145,390","$2,200"
2020,MAZDA,MAZDA6 SIG,SIGNATURE,GRAY,4,4,GAS,,,,,,,"4,803","$31,600"
2006,MAZDA,MX-5 MIATA,GRAND TOUR,WHITE,2,4,GAS,A,4X2,,,CV,,"116,766","$5,700"
2014,MAZDA,CX-5 AWD 4C,TOURING,BLACK,S,4,GAS,A,AWD,A,CD,HT,C,"120,316","$10,400"
2016,MAZDA,CX-5 AWD 4C,TOURING,BROWN,S,4,GAS,A,AWD,A,CD,HT,C,"74,303","$18,200"
2018,MAZDA,CX-5 AWD 4C,TOURING,BLUE,S,4,GAS,A,AWD,A,AM/FM,SR,E,"33,184","$24,400"
2012,MAZDA,CX-9,SPORT,BLUE,4,6,GAS,A,AWD,,,,,"198,897","$2,900"
2012,MAZDA,CX-9,TOURING,WHITE,4,6,GAS,A,AWD,,CD,SR,L,"121,580","$10,200"
2013,MAZDA,CX-9 AWD,NONE,SILVER,S,6,C,A,AWD,,N,NO,N,"81,954","$14,800"
2018,MAZDA,CX-9 AWD,NONE,RED,S,4,C,A,AWD,,N,NO,N,"27,460","$32,400"
2010,MAZDA,CX-9 AWD V6,TOURING,WHITE,4,6,GAS,A,AWD,A,CD,SR,L,"134,057","$1,800"
2008,MAZDA,MAZDA3,S SPORT,PURPLE,4,4,GAS,A,4X2,A,CD,SR,C,"153,054","$2,600"
2014,MAZDA,MAZDA6,I SPORT,GRAY,4,4,GAS,A,4X2,A,CD,HT,C,"66,750","$14,000"
2016,MAZDA,MAZDA6,I TOURING,BLUE,4,4,GAS,A,4X2,A,CD,HT,E,"19,848","$19,900"
2015,MAZDA,MAZDA6,NONE,WHITE,S,4,C,A,,,N,NO,N,"60,540","$16,900"
2017,MAZDA,MAZDA6,SPORT,BROWN,4,4,GAS,A,4X2,A,CD,HT,C,"42,909","$18,800"
2017,MAZDA,MAZDA6,TOURING,WHITE,4,4,GAS,A,4X2,A,CD,SR,E,"55,399","$17,500"
2018,MAZDA,MAZDA6,TOURING,WHITE,4,4,GAS,A,4X2,A,AM/FM,SR,L,"9,338","$25,100"
2002,MAZDA,TRIBUTE 4WD,ES,MAROON,4,6,GAS,A,4X4,A,CD,SR,L,"103,196","$1,500"
2016,MAZDA,CX-5 AWD 4C,GRAND TOUR,WHITE,S,4,GAS,A,AWD,A,CD,SR,L,"53,368","$22,000"
2011,MAZDA,CX-7 FWD 4C,I SV,RED,4,4,GAS,A,4X2,A,CD,HT,C,"138,340","$4,400"
2017,MAZDA,MAZDA3,GRAND TOUR,RED,4,4,GAS,A,4X2,A,AM/FM,SR,E,"76,896","$12,800"
2015,MAZDA,MAZDA3,I TOURING,RED,4,4,GAS,A,4X2,,,NO,,"104,343","$11,500"
2010,MAZDA,MAZDA3,S SPORT,BLUE,4,4,GAS,A,4X2,A,CD,SR,C,"120,655","$6,100"
2008,MAZDA,MIATA MX-5,TOURING,BLUE,2,4,GAS,A,4X2,A,CD,CV,C,"61,372","$9,700"
2007,LEXUS,ES 350,,BLACK,4,6,GAS,,4X2,,,,,"177,815","$4,200"
2015,LEXUS,GS 350,CRAFTED LN,BLACK,4,6,GAS,A,AWD,,,SR,,"62,949","$28,400"
2010,LEXUS,IS 250 AWD,,WHITE,4,6,GAS,A,AWD,A,CD,SR,L,"154,211","$7,400"
2014,LEXUS,IS 250 AWD,,SILVER,4,6,GAS,A,AWD,A,CD,SR,E,"74,941","$20,200"
2018,LEXUS,LC V8,LC 500,SILVER,2,8,GAS,A,4X2,A,CD,SR,B,"16,183","$69,500"
2003,LEXUS,LX 470,,BLACK,S,8,GAS,A,AWD,A,B,SR,L,"110,929","$13,300"
2017,LEXUS,NX AWD 4C,NX TURBO,RED,S,4,GAS,A,AWD,A,CD,SR,L,"61,917","$28,700"
2019,LEXUS,RX AWD,RX 350,RED,S,6,GAS,A,AWD,A,CD,SR,E,"32,118","$32,200"
2005,LEXUS,RX 330 AWD,,GOLD,S,6,GAS,,AWD,,,,,"168,911","$6,500"
2010,LEXUS,RX 350 AWD,,GRAY,S,6,GAS,A,AWD,A,CD,SR,L,"154,736","$10,200"
2007,LEXUS,RX 400H AWD,,BLACK,S,6,H,,AWD,,,,,"224,383","$3,600"
2007,LEXUS,ES 350,,GOLD,4,6,GAS,,4X2,,,,,"74,729","$8,200"
2014,LEXUS,ES 350,,TAN,4,6,GAS,A,4X2,A,CD,SR,E,"78,496","$19,500"
2011,LEXUS,GS 350 AWD,,GRAY,4,6,GAS,A,AWD,A,CD,SR,L,"116,980","$11,000"
2019,LEXUS,GX,460 PREM,WHITE,S,8,GAS,A,4X4,A,CD,SR,E,"27,329","$45,300"
2018,LEXUS,GX,460PREMIUM,BLACK,S,8,GAS,A,4X4,A,CD,SR,L,"36,860","$41,000"
2006,LEXUS,GX 470,,SILVER,S,8,GAS,A,4X4,A,B,SR,L,"157,025","$9,000"
2010,LEXUS,HS 250H,PREMIUM,WHITE,4,4,H,A,4X2,A,CD,SR,L,"182,425","$3,200"
2019,LEXUS,RX AWD,RX 350,BLUE,S,6,GAS,A,AWD,A,CD,SR,E,"22,991","$40,500"
2006,LEXUS,RX 330 AWD,,GOLD,S,6,GAS,A,AWD,A,B,SR,L,"155,918","$3,900"
2007,LEXUS,RX 350 AWD,,TAN,S,6,GAS,A,AWD,A,B,SR,L,"101,266","$6,700"
1992,LEXUS,SC400,,GREEN,2,8,GAS,A,4X2,,,SR,,"189,958","$2,400"
2013,LEXUS,CT 200H,HYBRID,WHITE,4,4,H,A,4X2,A,CD,SR,E,"107,577","$13,600"
2007,LEXUS,ES 350,,MAROON,4,6,GAS,,4X2,,,,,"131,173","$6,500"
2013,LEXUS,ES 350,4DR SDN,BLUE,4,6,GAS,A,4X2,A,CD,SR,L,"150,603","$9,500"
2018,LEXUS,GS AWD V6,350 FSPORT,BLACK,4,6,GAS,A,AWD,A,CD,SR,L,"34,469","$37,100"
2011,LEXUS,GS 350 AWD,,GRAY,4,6,GAS,A,AWD,A,CD,SR,L,"174,169","$7,600"
2019,LEXUS,GX,460 PREM,WHITE,S,8,GAS,A,4X4,A,CD,SR,L,"34,319","$42,500"
2008,LEXUS,IS 250 AWD,,BLUE,4,6,GAS,A,AWD,A,CD,SR,E,"128,898","$8,100"
2019,LEXUS,NX,NX 300,WHITE,S,4,GAS,A,AWD,,,SR,,"13,268","$38,500"
2018,LEXUS,RX AWD,350L PRM,BLUE,S,6,GAS,A,AWD,A,,SR,L,"29,400","$39,500"
2007,LEXUS,RX 350 AWD,,GOLD,S,6,GAS,,AWD,,,,,"149,342","$5,700"
2008,LEXUS,RX 350 AWD,,SILVER,S,6,GAS,A,AWD,A,B,SR,L,"104,228","$10,300"
2005,LEXUS,ES 330,,WHITE,4,6,GAS,A,4X2,A,B,SR,L,"141,935","$4,900"
2010,LEXUS,GS 350 AWD,NONE,SILVER,S,6,C,A,AWD,,N,NO,N,"134,283","$10,500"
2007,LEXUS,IS 250 4X2,,BLACK,4,6,GAS,A,4X2,A,CD,SR,L,"144,232","$6,900"
2008,LEXUS,IS 250 4X2,,GRAY,4,6,GAS,,4X2,,,,,"133,197","$5,700"
1999,LEXUS,LS400,,BLACK,4,8,GAS,,4X2,,,,,"51,191","$8,200"
2019,LEXUS,NX AWD 4C,NX 300,GRAY,S,4,GAS,A,AWD,A,CD,SR,L,"37,102","$32,500"
2007,LEXUS,RX 350 AWD,,BLACK,S,6,GAS,A,AWD,A,B,SR,L,"62,937","$10,300"
2008,LEXUS,RX 350 AWD,,GRAY,S,6,GAS,A,AWD,A,B,SR,L,"162,258","$5,600"
2019,INFINITI,QX60 AWD,LUXE,BLUE,S,6,GAS,A,AWD,A,,SR,E,"24,136","$36,500"
2019,INFINITI,QX60 AWD,LUXE,BLACK,S,6,GAS,A,AWD,A,CD,SR,L,"26,246","$38,000"
2019,INFINITI,QX60 AWD,PURE,BLACK,S,6,GAS,A,AWD,A,CD,SR,L,"43,343","$31,700"
2014,INFINITI,Q50 AWD V6,NONE,WHITE,S,6,C,A,AWD,,N,NO,N,"143,171","$10,200"
2019,INFINITI,Q50 AWD V6,3.0T LUXE,SILVER,4,6,GAS,A,AWD,A,CD,SR,L,"26,844","$31,200"
2016,INFINITI,Q70L,PREMIUM,WHITE,4,6,GAS,A,AWD,,,SR,,"63,167","$28,200"
2004,INFINITI,I35,LUXURY,WHITE,4,6,GAS,A,4X2,A,B,SR,L,"98,545","$4,400"
2011,INFINITI,QX56 4X4,8-PASS,WHITE,S,8,GAS,O,4X4,A,AM/FM,SR,E,"115,134","$13,500"
2019,INFINITI,QX60 AWD,LUXE,BLUE,S,6,GAS,A,AWD,A,CD,SR,E,"34,411","$38,500"
2019,INFINITI,QX60 AWD,LUXE,BLACK,S,6,GAS,A,AWD,A,CD,SR,E,"34,983","$36,600"
2014,INFINITI,QX60 AWD V6,,WHITE,S,6,GAS,A,AWD,A,AM/FM,SR,L,"125,990","$13,300"
2015,INFINITI,QX60 AWD V6,,BLUE,S,6,GAS,A,AWD,A,CD,SR,L,"102,047","$11,000"
2015,INFINITI,Q50 AWD V6,SPORT,BLUE,4,6,GAS,A,AWD,A,CD,SR,L,"97,044","$13,400"
2013,INFINITI,JX35 AWD,,BLACK,S,6,GAS,A,AWD,A,CD,SR,L,"179,623","$7,800"
2013,INFINITI,JX35 AWD,,BLACK,S,6,GAS,A,AWD,A,CD,SR,L,"95,012","$11,200"
2018,INFINITI,QX30 AWD,ESSENTIAL,GRAY,S,4,GAS,A,AWD,A,,PN,L,"26,866","$27,000"
2019,INFINITI,QX50 AWD,ESSENTIAL,BLUE,S,4,GAS,A,AWD,A,CD,PN,E,"27,140","$34,800"
2019,INFINITI,QX50 AWD,NONE,BLACK,S,4,C,A,AWD,A,CD,PN,L,"15,817","$35,000"
2019,INFINITI,QX60 AWD,PURE,BLACK,S,6,GAS,A,AWD,A,CD,SR,L,"17,708","$31,750"
2014,INFINITI,Q50 AWD V6,,RED,4,6,GAS,A,AWD,A,CD,SR,L,"87,695","$17,600"
2014,INFINITI,Q50 AWD V6,PREMIUM,RED,4,6,GAS,A,AWD,A,CD,SR,E,"152,541","$7,000"
2019,INFINITI,Q50 AWD V6,RED SPORT,BLUE,4,6,GAS,A,AWD,A,CD,SR,E,"27,383","$37,400"
2018,INFINITI,Q50 AWD V6,3.0T LUXE,WHITE,4,6,GAS,A,AWD,A,CD,SR,E,"20,617","$30,000"
2018,INFINITI,Q50 AWD V6,3.0T SPORT,SILVER,4,6,GAS,A,AWD,A,AM/FM,SR,E,"17,423","$32,600"
2013,INFINITI,G37 AWD,X,WHITE,4,6,GAS,A,AWD,A,CD,SR,L,"125,125","$12,600"
2019,INFINITI,QX60 AWD,LUXE,BLUE,S,6,GAS,A,AWD,A,CD,SR,E,"25,299","$34,700"
2016,INFINITI,Q50 AWD V6,3.0T SPORT,BLACK,4,6,GAS,A,AWD,T,AM/FM,SR,L,"40,068","$25,000"
2019,INFINITI,Q50 AWD V6,3.0T SPORT,BLUE,4,6,GAS,A,AWD,A,CD,SR,L,"30,598","$34,300"
2002,HONDA,ACCORD 4C,SE,RED,4,4,GAS,A,4X2,,B,SR,C,"199,006","$1,200"
2011,HONDA,ACCORD 4C,SE,GRAY,4,4,GAS,A,4X2,,,,,"86,634","$7,340"
2013,HONDA,ACCORD 4C,SPORT,BLUE,4,4,GAS,A,4X2,A,CD,HT,C,"91,076","$14,600"
2010,HONDA,CIVIC,DX-VP,GRAY,4,4,GAS,A,4X2,A,CD,HT,C,"142,310","$3,500"
2009,HONDA,CIVIC,EX,BLACK,2,4,GAS,,4X2,,,,,"163,831","$2,400"
2011,HONDA,CIVIC,LX,SILVER,4,4,GAS,,4X2,,,,,"67,482","$7,000"
2006,HONDA,CIVIC SI,,GRAY,2,4,GAS,6,4X2,A,CD,SR,C,"128,272","$4,500"
2014,HONDA,CR-V AWD,EX,SILVER,S,4,GAS,A,AWD,A,CD,SR,C,"59,592","$17,600"
2020,HONDA,CR-V AWD,EX,SILVER,S,4,GAS,A,AWD,A,AM/FM,SR,C,"6,310","$28,750"
2018,HONDA,CR-V AWD 4C,EX-L,BLUE,S,4,GAS,A,AWD,A,AM/FM,SR,L,"18,002","$32,250"
2018,HONDA,CR-V AWD 4C,LX,GRAY,S,4,GAS,A,AWD,A,AM/FM,HT,C,"54,944","$24,600"
2013,HONDA,CR-V FWD,LX,BLACK,S,4,GAS,A,4X2,A,CD,HT,C,"113,234","$11,200"
2005,HONDA,CR-V 4X4,EX,BLACK,S,4,GAS,,4X4,,,,,"175,180","$3,200"
2011,HONDA,CR-V 4X4,EX-L,GRAY,4,4,GAS,A,4X4,A,CD,SR,L,"54,267","$11,500"
2016,HONDA,HR-V AWD,EX-L,SILVER,S,4,GAS,A,AWD,A,CD,SR,L,"88,837","$14,900"
2007,HONDA,ODYSSEY,EX,GRAY,V,6,GAS,,4X2,,,,,"152,528","$3,300"
2006,HONDA,ODYSSEY,EX-L,GRAY,V,6,GAS,,4X2,,,,,"178,883","$3,700"
2019,HONDA,ODYSSEY,EX-L,BLUE,V,6,GAS,A,4X2,A,AM/FM,SR,E,"20,857","$38,800"
2003,HONDA,PILOT AWD,EX,SILVER,S,6,GAS,A,AWD,A,B,HT,C,"254,601","$1,300"
2004,HONDA,PILOT AWD,EX,BLACK,S,6,GAS,A,AWD,A,B,HT,C,"159,050","$4,000"
2018,HONDA,PILOT AWD,EX-L,WHITE,S,6,GAS,A,AWD,A,AM/FM,SR,L,"20,823","$31,250"
2019,HONDA,PILOT AWD,LX,MAROON,S,6,GAS,A,AWD,A,AM/FM,HT,C,"20,540","$31,000"
2015,HONDA,PILOT FWD,EX,GRAY,S,6,GAS,A,4X2,A,CD,HT,C,"124,355","$8,300"
2011,HONDA,PILOT 4X4,EX,GRAY,4,6,GAS,A,4X4,A,CD,HT,C,"128,424","$12,600"
2011,HONDA,PILOT 4X4,EX-L,TAN,4,6,GAS,A,4X4,A,CD,SR,L,"117,158","$13,000"
2007,HONDA,PILOT 4X4,LX,GRAY,S,6,GAS,,4X4,,,,,"209,286","$2,800"
2009,HONDA,PILOT 4X4,TOURING,GRAY,4,6,GAS,,4X4,,,,,"204,941","$4,700"
2012,HONDA,PILOT 4X4,TOURING,GRAY,4,6,GAS,A,4X4,A,CD,SR,E,"105,016","$15,700"
2015,HONDA,PILOT 4X4,TOURING,BLUE,S,6,GAS,A,4X4,A,CD,SR,E,"143,863","$14,700"
2018,HONDA,ACCORD,LX,GRAY,4,4,GAS,A,4X2,A,AM/FM,HT,C,"27,935","$22,700"
2019,HONDA,ACCORD,LX 1.5T,WHITE,4,4,GAS,A,4X2,A,AM/FM,HT,C,"33,664","$25,400"
2007,HONDA,ACCORD V6,EX,BROWN,4,6,GAS,,4X2,,,,,"208,063","$2,200"
2010,HONDA,ACCORD V6,EX-L,GRAY,2,6,GAS,,4X2,,,,,"132,970","$7,600"
2007,HONDA,ACCORD 4C,EX-L,WHITE,2,4,GAS,A,4X2,A,CD,SR,L,"174,023","$3,000"
2017,HONDA,ACCORD 4C,LX,BLACK,4,4,GAS,A,4X2,A,CD,HT,C,"91,870","$13,500"
2002,HONDA,CIVIC,EX,SILVER,2,4,GAS,5,4X2,A,CD,SR,C,"150,344","$2,600"
2005,HONDA,CIVIC,EX,SILVER,4,4,GAS,,4X2,,,,,"193,621","$1,200"
2004,HONDA,CIVIC,LX,RED,2,4,GAS,A,4X2,,,,,"117,398","$1,450"
2013,HONDA,CIVIC,LX,GRAY,4,4,GAS,A,4X2,A,CD,HT,C,"117,528","$5,900"
2016,HONDA,CIVIC,LX,BLACK,4,4,GAS,A,4X2,A,AM/FM,HT,C,"68,928","$17,400"
2015,HONDA,CIVIC,SE,BLACK,4,4,GAS,A,4X2,A,CD,HT,C,"110,084","$10,800"
2013,HONDA,CIVIC,SI,BLACK,4,4,GAS,6,4X2,A,CD,SR,C,"95,780","$12,200"
2021,HONDA,CR-V AWD 4C,LX,BLACK,S,4,GAS,A,AWD,A,AM/FM,HT,C,"5,018","$27,600"
2010,HONDA,CR-V 4X4,EX-L,BROWN,4,4,GAS,A,AWD,A,CD,SR,L,"106,295","$11,200"
2011,HONDA,CR-V 4X4,EX-L,BLUE,4,4,GAS,A,AWD,A,CD,HT,L,"137,070","$9,200"
2019,HONDA,HR-V AWD,EX,GRAY,S,4,GAS,A,AWD,A,AM/FM,SR,C,"22,275","$26,000"
2019,HONDA,HR-V AWD,LX,BLACK,S,4,GAS,A,AWD,A,AM/FM,HT,C,"37,751","$20,800"
2022,HONDA,HR-V AWD,LX,GRAY,S,4,GAS,A,AWD,A,AM/FM,HT,C,"1,560","$26,750"
2013,HONDA,INSIGHT,EX,BLACK,4,4,H,,4X2,,CD,HT,,"54,812","$9,400"
2011,HONDA,ODYSSEY,EX-L,GRAY,V,6,GAS,A,4X2,A,CD,SR,L,"211,131","$5,200"
2003,HONDA,PILOT AWD,EX,SILVER,S,6,GAS,A,AWD,A,B,HT,E,"234,695","$1,600"
2012,HONDA,PILOT 4X4,TOURING,MAROON,4,6,GAS,A,4X4,A,CD,SR,E,"167,268","$7,800"
2009,HONDA,RIDGELIN 4X4 CR,RTS,BLACK,C,6,GAS,A,4X4,A,CD,HT,C,"102,828","$7,500"
2002,HONDA,ACCORD V6,EX,BLACK,4,6,GAS,,4X2,,,,,"180,824","$1,500"
2015,HONDA,ACCORD V6,EX-L,GRAY,4,6,GAS,A,4X2,A,CD,SR,L,"106,907","$13,600"
2017,HONDA,ACCORD V6,EX-L V6,SILVER,4,6,GAS,A,4X2,A,CD,SR,L,"40,081","$24,400"
2009,HONDA,ACCORD V6,NONE,BLACK,N,6,C,A,,,N,NO,N,"100,115","$7,000"
2003,HONDA,ACCORD 4C,EX,RED,4,4,GAS,5,4X2,A,CD,SR,L,"199,210","$1,200"
2012,HONDA,ACCORD 4C,EX,BLACK,4,4,GAS,A,4X2,A,CD,SR,C,"85,359","$7,800"
2017,HONDA,ACCORD 4C,EX,BLACK,4,4,GAS,A,4X2,A,CD,SR,C,"58,815","$21,500"
1999,HONDA,ACCORD 4C,LX,BLUE,2,4,GAS,,4X2,,,,,"219,899","$1,350"
2013,HONDA,ACCORD 4C,LX,GRAY,4,4,GAS,A,4X2,A,CD,HT,C,"70,824","$14,800"
2015,HONDA,ACCORD 4C,LX,BLACK,4,4,GAS,A,4X2,A,CD,HT,C,"145,052","$6,900"
2010,HONDA,CIVIC,,SILVER,4,4,H,A,4X2,A,CD,HT,L,"95,767","$5,100"
2011,HONDA,CIVIC,DX-VP,GRAY,4,4,GAS,A,4X2,A,CD,HT,C,"138,448","$3,800"
2012,HONDA,CIVIC,EX,WHITE,2,4,GAS,A,4X2,A,CD,SR,C,"118,341","$6,400"
2014,HONDA,CIVIC,EX,GRAY,4,4,GAS,A,4X2,A,CD,SR,C,"65,529","$12,000"
2018,HONDA,CIVIC,EX,BLACK,4,4,GAS,A,4X2,A,AM/FM,SR,C,"47,344","$18,000"
2007,HONDA,CIVIC,LX,GRAY,4,4,GAS,A,4X2,,,,,"155,300","$2,100"
2009,HONDA,CIVIC,LX,BLUE,4,4,GAS,A,4X2,A,CD,HT,C,"168,451","$4,500"
2019,HONDA,CIVIC,LX,WHITE,4,4,GAS,A,4X2,A,AM/FM,HT,C,"31,291","$19,400"
2019,HONDA,CIVIC,SPORT,BLACK,4,4,GAS,A,4X2,A,AM/FM,HT,B,"33,600","$21,400"
2004,HONDA,CIVIC,VP,WHITE,4,4,GAS,A,4X2,,CD,HT,C,"164,866",$600
2015,HONDA,CR-V,LX,MAROON,S,4,GAS,A,AWD,A,CD,HT,C,"133,222","$9,400"
2019,HONDA,CR-V AWD 4C,EX-L,SILVER,S,4,GAS,A,AWD,A,AM/FM,SR,L,"36,545","$29,600"
2019,HONDA,CR-V AWD 4C,EX-L,WHITE,S,4,GAS,A,AWD,A,AM/FM,SR,L,"41,500","$29,000"
2019,HONDA,CR-V AWD 4C,NONE,BLACK,S,4,C,A,AWD,,N,NO,N,"35,572","$23,000"
2013,HONDA,CR-V FWD,LX,BLACK,S,4,GAS,A,4X2,A,CD,HT,C,"113,238","$10,800"
2010,HONDA,CR-V 4X4,EX-L,BLACK,4,4,GAS,A,4X4,A,CD,SR,L,"150,799","$8,400"
2011,HONDA,CR-V 4X4,EX-L,SILVER,4,4,GAS,A,4X4,A,CD,SR,L,"186,829","$4,500"
2010,HONDA,FIT,SPORT,SILVER,5,4,GAS,A,4X2,A,CD,HT,C,"112,146","$6,600"
2003,HONDA,ODYSSEY,,GOLD,V,6,GAS,,4X2,,,,,"207,750","$2,100"
2007,HONDA,ODYSSEY,EX-L,WHITE,V,6,GAS,A,4X2,A,CD,SR,E,"136,667","$2,600"
2008,HONDA,ODYSSEY,EX-L,BLUE,V,6,GAS,A,4X2,A,CD,SR,L,"49,976","$8,200"
2019,HONDA,ODYSSEY,EX-L,GRAY,V,6,GAS,A,4X2,A,AM/FM,SR,L,"25,959","$36,400"
2019,HONDA,ODYSSEY,LX,GRAY,V,6,GAS,A,4X2,A,AM/FM,HT,C,"20,222","$29,400"
2017,HONDA,ODYSSEY,TOUR ELITE,WHITE,V,6,GAS,A,4X2,A,CD,SR,L,"75,208","$26,900"
2011,HONDA,ODYSSEY,TOURING,BLACK,V,6,GAS,A,4X2,A,CD,SR,L,"177,942","$6,800"
2012,HONDA,ODYSSEY,TOURING,GRAY,V,6,GAS,A,4X2,A,CD,SR,E,"88,861","$14,400"
2013,HONDA,ODYSSEY,TOURING,BLACK,V,6,GAS,A,4X2,A,CD,SR,L,"91,583","$14,000"
2016,HONDA,PILOT AWD,EX-L,WHITE,S,6,GAS,A,AWD,A,AM/FM,SR,E,"99,307","$20,200"
2011,HONDA,PILOT 4X4,EX,GRAY,4,6,GAS,,4X4,,,,,"170,017","$5,600"
2015,HONDA,PILOT 4X4,EX-L,BLACK,S,6,GAS,A,4X4,A,CD,SR,L,"84,068","$15,800"
2013,HONDA,PILOT 4X4,TOURING,BLUE,S,6,GAS,A,4X4,A,CD,SR,L,"105,494","$15,100"
2008,HONDA,RIDGELIN 4X4 CR,RTL,BLACK,C,6,GAS,A,4X4,A,CD,SR,E,"197,586","$5,600"
2018,HONDA,ACCORD,SPORT,BLACK,4,4,GAS,A,4X2,A,AM/FM,HT,B,"20,324","$24,100"
2018,HONDA,ACCORD,TOURING,RED,4,4,GAS,A,4X2,A,AM/FM,SR,L,"35,209","$26,100"
2007,HONDA,ACCORD V6,EX,SILVER,4,6,GAS,,4X2,,,,,"198,157","$2,300"
2008,HONDA,ACCORD V6,EX-L,BLACK,2,6,GAS,A,4X2,A,CD,SR,L,"168,203","$2,400"
2013,HONDA,ACCORD V6,EX-L,SILVER,2,6,GAS,A,4X2,A,CD,SR,E,"34,711","$17,200"
2006,HONDA,ACCORD V6,LX V6,BLACK,2,6,GAS,,4X2,,,,,"150,181","$3,800"
2009,HONDA,ACCORD 4C,EX-L,BLACK,4,4,GAS,A,4X2,A,CD,SR,E,"199,307","$2,400"
2014,HONDA,ACCORD 4C,EX-L,GOLD,4,4,GAS,A,4X2,A,CD,SR,L,"126,563","$6,600"
2013,HONDA,ACCORD 4C,SPORT,GRAY,4,4,GAS,6,4X2,A,CD,HT,C,"114,098","$11,500"
2001,HONDA,CIVIC,,GRAY,2,4,GAS,,4X2,,,,,"81,011","$3,700"
2002,HONDA,CIVIC,EX,BLUE,2,4,GAS,A,4X2,,,SR,,"158,168","$1,850"
2008,HONDA,CIVIC,EX,SILVER,4,4,GAS,A,4X2,A,CD,SR,C,"248,951","$2,100"
2009,HONDA,CIVIC,LX,BLACK,4,4,GAS,A,4X2,,CD,HT,C,"159,309","$3,700"
2013,HONDA,CIVIC,NONE,BLACK,N,4,C,A,,,N,NO,N,"163,033","$5,200"
2015,HONDA,CIVIC,SI,WHITE,4,4,GAS,6,4X2,A,CD,SR,C,"51,480","$11,200"
2019,HONDA,CIVIC TYPE R,TOURING,RED,4,4,GAS,6,4X2,A,AM/FM,HT,C,"40,118","$34,750"
2013,HONDA,CR-V AWD,EX-L,BROWN,S,4,GAS,A,AWD,A,CD,HT,L,"170,130","$10,000"
2016,HONDA,CR-V AWD,EX-L,WHITE,S,4,GAS,A,AWD,A,CD,SR,L,"35,275","$24,000"
2016,HONDA,CR-V AWD,EX-L,GRAY,S,4,GAS,A,AWD,A,CD,SR,L,"59,459","$23,300"
2018,HONDA,CR-V AWD 4C,EX,GRAY,S,4,GAS,A,AWD,A,AM/FM,SR,C,"27,652","$27,400"
2018,HONDA,CR-V AWD 4C,EX-L,WHITE,S,4,GAS,A,AWD,A,AM/FM,SR,L,"33,333","$27,300"
2009,HONDA,CR-V 4X4,EX-L,BLUE,4,4,GAS,A,4X4,A,CD,SR,E,"164,576","$7,400"
2008,HONDA,CR-V 4X4,LX,BLUE,4,4,GAS,A,4X4,,,HT,,"113,815","$3,500"
2019,HONDA,HR-V AWD,LX,SILVER,S,4,GAS,A,AWD,A,AM/FM,HT,C,"5,383","$21,000"
2019,HONDA,HR-V AWD,SPORT,BLACK,S,4,GAS,A,AWD,A,AM/FM,HT,C,"46,499","$22,750"
2004,HONDA,ODYSSEY,EX-L,BLUE,V,6,GAS,A,4X2,A,CD,HT,E,"250,404","$1,100"
2007,HONDA,ODYSSEY,EX-L,GRAY,V,6,GAS,,4X2,,,,,"91,365","$4,900"
2010,HONDA,ODYSSEY,EX-L,BROWN,V,6,GAS,A,4X2,A,CD,SR,L,"122,658","$5,700"
2016,HONDA,ODYSSEY,EX-L,SILVER,V,6,GAS,A,4X2,A,CD,SR,L,"67,395","$22,000"
2007,HONDA,ODYSSEY,TOURING,BLACK,V,6,GAS,A,4X2,A,CD,SR,L,"171,680","$3,100"
2010,HONDA,ODYSSEY,TOURING,SILVER,V,6,GAS,,4X2,,,,,"152,557","$6,700"
2011,HONDA,PILOT 4X4,EX,WHITE,4,6,GAS,A,4X4,A,CD,HT,C,"147,336","$9,100"
2018,BMW,X2 28I XDRIVE,XDRIVE 28I,BLUE,S,4,GAS,A,AWD,A,CD,SR,L,"20,813","$33,000"
2014,BMW,X3 28I XDRIVE,28I XDRIVE,WHITE,S,4,GAS,A,AWD,A,CD,PN,L,"126,427","$10,700"
2002,BMW,X5 3.0L,3.0I,GRAY,4,6,GAS,,AWD,,,,,"173,356","$1,200"
2018,BMW,X5 35D XDRIVE,35DX XLINE,BLACK,S,6,DIESEL,A,AWD,A,CD,SR,L,"24,351","$44,500"
2017,BMW,X6 50I XDRIVE,50IX MSPT,WHITE,S,8,GAS,A,AWD,A,CD,SR,L,"95,343","$35,500"
2019,BMW,X7 40I XDRIVE,40IX XLINE,GRAY,S,6,GAS,A,AWD,A,AM/FM,PN,L,"26,426","$72,500"
2016,BMW,Z4 35I,35I MSPT,BLACK,2,6,GAS,A,4X2,A,CD,HC,L,"45,574","$33,400"
2018,BMW,320I XDRIVE,320I XDRIV,BLUE,4,4,GAS,A,AWD,A,CD,SR,L,"11,802","$28,400"
2018,BMW,320I XDRIVE,320I XDRIV,BLUE,4,4,GAS,A,AWD,A,CD,SR,E,"33,875","$27,750"
2001,BMW,325CIC,325CI,RED,2,6,GAS,A,4X2,A,TAPE,CV,L,"106,642","$3,700"
2006,BMW,325I,325I,RED,4,6,GAS,A,,A,CD,SR,E,"114,508","$3,600"
2013,BMW,328I XDR,328IX LUX,BLUE,4,4,GAS,A,AWD,A,CD,SR,E,"138,029","$9,500"
2015,BMW,328I XDRIVE,328I XDRIV,BLACK,4,4,GAS,A,AWD,A,CD,SR,E,"110,097","$12,500"
2014,BMW,528I XDRIVE,528I XDRIV,GRAY,4,4,GAS,A,AWD,A,CD,SR,L,"128,940","$13,200"
2008,BMW,528XI,528XI-AUTO,SILVER,4,6,GAS,A,AWD,A,CD,SR,L,"93,969","$4,400"
2013,BMW,535IA XDR,535I XDRIV,BLACK,4,6,GAS,A,AWD,A,CD,SR,L,"104,305","$14,200"
2017,BMW,740E XDRIVE,740EX MSPT,BLACK,4,4,H,A,AWD,A,CD,SR,L,"56,701","$41,500"
2012,BMW,750I XDR,750I XDRIV,GRAY,4,8,GAS,A,AWD,A,CD,SR,L,"157,120","$3,200"
2016,BMW,750I XDRIVE,750I XDRIV,BLACK,4,8,GAS,A,AWD,A,CD,MR,L,"73,382","$36,000"
2008,BMW,750LI,750LI,GRAY,4,8,GAS,A,4X2,A,CD,SR,L,"102,270","$6,100"
2015,BMW,M4 CPE,,WHITE,2,6,GAS,6,4X2,A,CD,HT,L,"26,595","$46,500"
2013,BMW,X1 28I XDRIVE,28IX XLINE,BROWN,S,4,GAS,A,AWD,A,CD,SR,L,"123,410","$6,200"
2018,BMW,X1 28I XDRIVE,28IX XLINE,BLUE,S,4,GAS,A,AWD,A,CD,PN,L,"21,393","$29,250"
2018,BMW,X1 28I XDRIVE,28IX XLINE,BLACK,S,4,GAS,A,AWD,A,CD,SR,L,"24,859","$30,250"
2020,BMW,X2 28I XDRIVE,XDRIVE28I,BLACK,S,4,GAS,A,AWD,A,AM/FM,PN,E,"10,449","$36,000"
2013,BMW,X3 28I XDRIVE,28I XDRIVE,BLACK,S,4,GAS,A,AWD,A,CD,PN,L,"93,010","$13,600"
2007,BMW,X3 3.0L,3.0SI,SILVER,4,6,GAS,A,AWD,A,CD,PN,E,"130,537","$2,900"
2020,BMW,X3 30I XDRIVE,XDRIVE30I,WHITE,S,4,GAS,A,AWD,A,AM/FM,PN,E,"24,036","$41,800"
2020,BMW,X3 30I XDRIVE,XDRIVE30I,BLACK,S,4,GAS,A,AWD,A,AM/FM,PN,E,"30,672","$40,600"
2019,BMW,X3 30I XDRIVE,30IX XLINE,SILVER,S,4,GAS,A,AWD,A,AM/FM,PN,E,"17,042","$40,250"
2019,BMW,X3 30I XDRIVE,30IX XLINE,WHITE,S,4,GAS,A,AWD,A,AM/FM,HT,L,"19,900","$38,500"
2011,BMW,X5,50I,SILVER,4,8,GAS,A,AWD,,,PN,,"151,354","$5,500"
2011,BMW,X5 35I AWD,35I PREM,WHITE,4,6,GAS,A,AWD,A,CD,PN,L,"93,894","$13,200"
2016,BMW,X5 35I XDRIVE,35IX LUX,GRAY,S,6,GAS,A,AWD,A,CD,PN,L,"100,546","$24,000"
2014,BMW,X5 50I XDRIVE,50I XDRIVE,BLACK,S,8,GAS,A,AWD,A,CD,PN,L,"91,913","$19,300"
2015,BMW,X5 50I XDRIVE,50IX LUX,GRAY,S,8,GAS,A,AWD,A,CD,SR,L,"56,403","$32,000"
2016,BMW,X6 35I XDRIVE,NONE,WHITE,S,6,C,A,AWD,,N,NO,N,"70,979","$37,950"
2002,BMW,3 SERIES,330XI,BLACK,4,6,GAS,A,AWD,,,,,"172,890","$1,900"
2014,BMW,320I XDRIVE,320I XDRIV,BLUE,4,4,GAS,A,AWD,A,CD,SR,E,"82,545","$13,400"
2015,BMW,320I XDRIVE,320I XDRIV,BLACK,4,4,GAS,A,AWD,A,CD,SR,E,"88,710","$15,100"
2016,BMW,320I XDRIVE,320I XDRIV,GRAY,4,4,GAS,A,AWD,A,CD,SR,E,"105,392","$8,200"
2011,BMW,328I,328I,BLACK,2,6,GAS,A,4X2,A,CD,HC,L,"87,167","$8,500"
2015,BMW,328I,328I,BLACK,4,4,GAS,6,4X2,A,CD,HT,E,"60,729","$18,200"
2013,BMW,328I XDR,328I XDRIV,BLUE,4,4,GAS,A,AWD,A,CD,SR,E,"138,030","$8,100"
2013,BMW,328I XDR,328I XDRIV,BLACK,4,4,GAS,A,AWD,A,CD,SR,L,"149,805","$4,200"
2010,BMW,328XI,328I XDRIV,GRAY,4,6,GAS,A,AWD,A,CD,SR,L,"56,425","$7,900"
2011,BMW,328XI,328I XDRIV,WHITE,2,6,GAS,A,AWD,A,CD,SR,L,"100,888","$7,700"
2011,BMW,328XI,328I XDRIV,BLACK,4,6,GAS,A,AWD,A,CD,SR,L,"165,645","$1,200"
2005,BMW,330XI,330XI,BLUE,4,6,GAS,A,AWD,A,CD,SR,L,"120,244","$2,300"
2014,BMW,335I,335I SPT,BLUE,4,6,GAS,A,4X2,A,CD,SR,L,"76,588","$19,400"
2015,BMW,335I XDRIVE,NONE,SILVER,N,6,C,A,AWD,,N,NO,N,"97,831","$21,000"
2016,BMW,428I SDN,428I MSPT,GRAY,4,4,GAS,A,4X2,A,CD,SR,E,"54,160","$26,000"
2019,BMW,430I XDRIVE GC,430IX SPT,WHITE,4,4,GAS,A,AWD,A,AM/FM,SR,E,"28,864","$35,500"
2016,BMW,435I XDRIVE CPE,435IX MSPT,WHITE,2,6,GAS,A,AWD,A,CD,SR,L,"22,435","$30,000"
2014,BMW,528I XDRIVE,528I XDRIV,BLUE,4,4,GAS,A,AWD,A,CD,SR,L,"145,288","$7,600"
2020,BMW,530I XDRIVE,530I XDRIV,BLACK,4,4,GAS,A,AWD,A,AM/FM,SR,E,"8,998","$43,500"
2012,BMW,535XIA,535I XDRIV,BLACK,4,6,GAS,A,AWD,A,CD,SR,L,"42,705","$16,400"
2011,BMW,550I GT,550I,GRAY,4,8,GAS,A,4X2,A,CD,PN,L,"97,185","$6,900"
2015,BMW,650I XDR,650IX MSPT,WHITE,4,8,GAS,A,AWD,A,CD,SR,L,"65,194","$34,900"
2014,BMW,750LI,750LI,BLACK,4,8,GAS,A,4X2,A,CD,SR,L,"78,164","$24,750"
2018,BMW,X2 28I XDRIVE,XDRIVE 28I,BLUE,S,4,GAS,A,AWD,A,CD,SR,L,"20,813","$33,000"
2014,BMW,X3 28I XDRIVE,28I XDRIVE,WHITE,S,4,GAS,A,AWD,A,CD,PN,L,"126,427","$10,700"
2002,BMW,X5 3.0L,3.0I,GRAY,4,6,GAS,,AWD,,,,,"173,356","$1,200"
2018,BMW,X5 35D XDRIVE,35DX XLINE,BLACK,S,6,DIESEL,A,AWD,A,CD,SR,L,"24,351","$44,500"
2017,BMW,X6 50I XDRIVE,50IX MSPT,WHITE,S,8,GAS,A,AWD,A,CD,SR,L,"95,343","$35,500"
2019,BMW,X7 40I XDRIVE,40IX XLINE,GRAY,S,6,GAS,A,AWD,A,AM/FM,PN,L,"26,426","$72,500"
2016,BMW,Z4 35I,35I MSPT,BLACK,2,6,GAS,A,4X2,A,CD,HC,L,"45,574","$33,400"
2018,BMW,320I XDRIVE,320I XDRIV,BLUE,4,4,GAS,A,AWD,A,CD,SR,L,"11,802","$28,400"
2018,BMW,320I XDRIVE,320I XDRIV,BLUE,4,4,GAS,A,AWD,A,CD,SR,E,"33,875","$27,750"
2001,BMW,325CIC,325CI,RED,2,6,GAS,A,4X2,A,TAPE,CV,L,"106,642","$3,700"
2006,BMW,325I,325I,RED,4,6,GAS,A,,A,CD,SR,E,"114,508","$3,600"
2013,BMW,328I XDR,328IX LUX,BLUE,4,4,GAS,A,AWD,A,CD,SR,E,"138,029","$9,500"
2015,BMW,328I XDRIVE,328I XDRIV,BLACK,4,4,GAS,A,AWD,A,CD,SR,E,"110,097","$12,500"
2014,BMW,528I XDRIVE,528I XDRIV,GRAY,4,4,GAS,A,AWD,A,CD,SR,L,"128,940","$13,200"
2008,BMW,528XI,528XI-AUTO,SILVER,4,6,GAS,A,AWD,A,CD,SR,L,"93,969","$4,400"
2013,BMW,535IA XDR,535I XDRIV,BLACK,4,6,GAS,A,AWD,A,CD,SR,L,"104,305","$14,200"
2017,BMW,740E XDRIVE,740EX MSPT,BLACK,4,4,H,A,AWD,A,CD,SR,L,"56,701","$41,500"
2012,BMW,750I XDR,750I XDRIV,GRAY,4,8,GAS,A,AWD,A,CD,SR,L,"157,120","$3,200"
2016,BMW,750I XDRIVE,750I XDRIV,BLACK,4,8,GAS,A,AWD,A,CD,MR,L,"73,382","$36,000"
2008,BMW,750LI,750LI,GRAY,4,8,GAS,A,4X2,A,CD,SR,L,"102,270","$6,100"
2015,BMW,X1 28I XDRIVE,28I XDRIVE,WHITE,S,4,GAS,A,AWD,A,CD,SR,L,"89,317","$14,000"
2018,BMW,X1 28I XDRIVE,28IX XLINE,SILVER,S,4,GAS,A,AWD,A,CD,PN,E,"45,050","$27,600"
2013,BMW,X3,XDRIVE28I,SILVER,S,4,GAS,A,AWD,,,PN,,"103,141","$5,800"
2020,BMW,X3 30I XDRIVE,XDRIVE30I,BLACK,S,4,GAS,A,AWD,A,AM/FM,SR,E,"12,237","$42,250"
2018,BMW,X3 30I XDRIVE,30IX XLINE,BLACK,S,4,GAS,A,AWD,A,CD,PN,L,"39,390","$32,900"
2019,BMW,X3 30I XDRIVE,30IX XLINE,BLACK,S,4,GAS,A,AWD,A,AM/FM,SR,E,"27,789","$35,200"
2012,BMW,X5 35I AWD,35I,BLACK,4,6,GAS,A,AWD,A,CD,PN,L,"100,774","$8,100"
2013,BMW,X5 35I AWD,35I SPORT,SILVER,4,6,GAS,A,AWD,A,CD,SR,L,"131,138","$3,500"
2017,BMW,X5 35I XDRIVE,35IX MSPT,BLACK,S,6,GAS,A,AWD,A,CD,PN,L,"47,686","$37,500"
2017,BMW,X5 50I XDRIVE,50IX XLINE,BLACK,S,8,GAS,A,AWD,A,CD,PN,L,"83,437","$33,000"
2014,BMW,320I XDRIVE,320I XDRIV,WHITE,4,4,GAS,A,AWD,A,CD,SR,E,"85,672","$10,600"
2017,BMW,320I XDRIVE,320I XDRIV,GRAY,4,4,GAS,A,AWD,A,CD,SR,E,"37,747","$24,200"
2012,BMW,328I,328I,WHITE,4,4,GAS,A,4X2,A,CD,SR,L,"84,555","$10,300"
2015,BMW,328I XDRIVE,328I XDRIV,BLUE,4,4,GAS,A,AWD,A,CD,SR,L,"32,999","$20,000"
2011,BMW,328XI,328I XDRIV,SILVER,4,6,GAS,A,AWD,A,CD,SR,L,"124,294","$4,000"
2018,BMW,330I XDRIVE,330IX SPT,BLUE,4,4,GAS,A,AWD,A,CD,SR,L,"19,845","$30,500"
2018,BMW,330I XDRIVE,330IX SPT,BLUE,4,4,GAS,A,AWD,A,CD,SR,L,"54,028","$26,000"
2017,BMW,330I XDRIVE GT,330IX LUX,BLACK,4,4,GAS,A,AWD,A,CD,PN,L,"48,679","$13,100"
2011,BMW,335D,335D,WHITE,4,6,DIESEL,A,4X2,A,CD,SR,L,"131,856","$6,500"
2014,BMW,428I XDRIVE CPE,428IX LUX,BLUE,2,4,GAS,A,AWD,A,CD,SR,L,"50,561","$18,400"
2019,BMW,430I XDRIVE GC,430IX SPT,WHITE,4,4,GAS,A,AWD,A,AM/FM,SR,E,"50,688","$30,800"
2019,BMW,530I XDRIVE,530IX SPT,BLACK,4,4,GAS,A,AWD,A,CD,SR,L,"49,467","$35,000"
2015,BMW,535I XDRIVE,535IX MSPT,WHITE,4,6,GAS,A,AWD,A,CD,SR,L,"73,201","$21,500"
2014,BMW,535I XDRIVE GT,535I XDRIV,BLACK,4,6,GAS,A,AWD,A,CD,PN,L,"111,047","$5,200"
2011,BMW,535XIA,535I XDRIV,GRAY,4,6,GAS,A,AWD,A,CD,SR,L,"153,224","$4,000"
2011,BMW,535XIA,535I XDRIV,GRAY,4,6,GAS,A,AWD,A,CD,SR,L,"77,606","$14,100"
2011,BMW,535XIA,535I XDRIV,BLACK,4,6,GAS,A,AWD,A,CD,SR,L,"95,329","$6,900"
2012,BMW,750I XDR,750I XDRIV,BLUE,4,8,GAS,A,AWD,A,CD,SR,L,"100,818","$4,400"
2017,BMW,M240I,M240I,BLACK,2,6,GAS,6,4X2,A,CD,SR,L,"64,181","$28,600"
2016,BMW,X1 28I XDRIVE,XDRIVE28I,BROWN,S,4,GAS,A,AWD,A,CD,PN,L,"44,022","$24,000"
2019,BMW,X1 28I XDRIVE,28IX XLINE,GREEN,S,4,GAS,A,AWD,A,CD,PN,E,"25,425","$30,100"
2018,BMW,X2 28I XDRIVE,XDRIVE 28I,WHITE,S,4,GAS,A,AWD,A,CD,PN,E,"24,221","$30,700"
2018,BMW,X2 28I XDRIVE,XDRIVE 28I,BLUE,S,4,GAS,A,AWD,A,CD,PN,E,"22,826","$30,700"
2011,BMW,X3,28I,GRAY,4,6,GAS,A,AWD,,,PN,,"131,779","$5,400"
2020,BMW,X3 30I XDRIVE,XDRIVE30I,GRAY,S,4,GAS,A,AWD,A,AM/FM,SR,E,"32,651","$37,200"
2017,BMW,X5 35I XDRIVE,35IX MSPT,BLACK,S,6,GAS,A,AWD,A,CD,PN,L,"77,437","$28,300"
2017,BMW,X6 M,,BLACK,S,8,GAS,A,AWD,A,CD,SR,L,"34,076","$59,500"
2013,BMW,X6 50I,XDRIVE50I,BLACK,S,8,GAS,A,AWD,A,CD,SR,L,"118,024","$14,900"
2012,BMW,3 SERIES,335I XDRIV,WHITE,2,6,GAS,A,AWD,,,SR,,"98,677","$13,000"
2015,BMW,320I XDRIVE,320IX SPT,RED,4,4,GAS,A,AWD,A,CD,SR,E,"74,970","$13,600"
2013,BMW,328I,328I,BLACK,4,4,GAS,A,4X2,A,CD,SR,L,"119,495","$7,600"
2010,BMW,328XI,NONE,BLACK,S,6,C,A,AWD,,N,NO,N,"137,533","$4,750"
2017,BMW,330I XDRIVE,330IX SPT,BLACK,4,4,GAS,A,AWD,A,CD,SR,L,"50,754","$21,200"
2011,BMW,335I,335I,GRAY,2,6,GAS,A,4X2,A,CD,HC,L,"92,787","$12,800"
2015,BMW,335I XDRIVE GT,335IX SPT,BLACK,4,6,GAS,A,AWD,A,CD,PN,E,"71,966","$20,400"
2019,BMW,430I XDRIVE GC,430IX SPT,WHITE,4,4,GAS,A,AWD,A,AM/FM,SR,E,"16,689","$32,500"
2012,BMW,528IA,528I,GRAY,4,4,GAS,A,4X2,A,CD,SR,L,"153,424","$5,500"
2014,BMW,535I XDRIVE,535I XDRIV,SILVER,4,6,GAS,A,AWD,A,CD,SR,L,"101,353","$17,200"
2002,ACURA,MDX AWD,TOURING,WHITE,S,6,GAS,A,AWD,A,CD,SR,L,"190,051","$1,100"
2019,ACURA,MDX AWD V6,TECH PKG,BROWN,S,6,GAS,A,AWD,A,CD,SR,L,"52,386","$36,500"
2019,ACURA,RDX AWD,A-SPEC PKG,RED,S,4,GAS,,AWD,,,,,"19,502","$40,700"
2019,ACURA,RDX AWD,TECH PKG,GRAY,S,4,GAS,A,AWD,A,AM/FM,PN,L,"17,616","$41,800"
2020,ACURA,RDX AWD,TECH PKG,BLUE,S,4,GAS,A,AWD,A,AM/FM,PN,E,"21,367","$40,000"
2016,ACURA,RDX AWD,TECH WATCH,WHITE,S,6,GAS,A,AWD,A,CD,SR,E,"64,499","$24,500"
2006,ACURA,TL,,RED,4,6,GAS,A,4X2,A,B,SR,E,"153,418","$1,100"
2011,ACURA,TL AWD V6,TECH,WHITE,4,6,GAS,A,AWD,A,CD,SR,L,"122,771","$9,700"
2019,ACURA,TLX FWD 4C,,RED,4,4,GAS,A,4X2,A,CD,SR,L,"12,388","$29,500"
2012,ACURA,TSX FWD 4C,,BLACK,4,4,GAS,,4X2,,,,,"143,667","$7,000"
2009,ACURA,MDX,,WHITE,S,6,GAS,A,AWD,A,CD,SR,L,"148,823","$8,200"
2013,ACURA,MDX,ADV PKG,BLACK,S,6,GAS,A,AWD,A,CD,SR,L,"124,548","$12,900"
2014,ACURA,MDX AWD,TECH PKG,WHITE,S,6,GAS,A,AWD,A,CD,SR,L,"103,796","$19,600"
2019,ACURA,MDX AWD V6,A-SPEC,BLACK,S,6,GAS,A,AWD,A,CD,SR,B,"18,023","$45,100"
2019,ACURA,MDX AWD V6,TECH PKG,GRAY,S,6,GAS,A,AWD,A,CD,SR,E,"35,864","$38,600"
2004,ACURA,MDX 4X4,TOURING,WHITE,S,6,GAS,A,4X4,A,B,SR,E,"214,927","$1,550"
2003,ACURA,RSX,PREMIUM,SILVER,2,4,GAS,,4X2,,,,,"164,703","$1,600"
2011,ACURA,TL FWD V6,,BLACK,4,6,GAS,A,4X2,A,CD,SR,L,"133,344","$7,100"
2012,ACURA,TL FWD V6,TECH,RED,4,6,GAS,,4X2,,,,,"138,852","$8,200"
2010,ACURA,TSX FWD 4C,,BLACK,4,4,GAS,A,4X2,A,CD,SR,L,"92,915","$9,300"
2018,ACURA,ILX,TECH PKG,BLACK,4,4,GAS,A,4X2,A,CD,SR,L,"24,945","$24,200"
2008,ACURA,MDX AWD,ELITE PKG,BLACK,S,6,GAS,,AWD,,,,,"133,086","$8,400"
2003,ACURA,MDX AWD,NONE,SILVER,S,6,C,A,AWD,,N,NO,N,"144,015","$2,200"
2003,ACURA,MDX AWD,TOURING,GRAY,S,6,GAS,A,AWD,A,CD,SR,L,"232,107","$1,700"
2016,ACURA,MDX AWD,W/ADVANCE,GRAY,S,6,GAS,A,AWD,A,CD,SR,L,"79,364","$25,200"
2019,ACURA,MDX AWD V6,,GRAY,S,6,GAS,A,AWD,A,CD,SR,E,"20,772","$38,600"
2019,ACURA,MDX AWD V6,TECH PKG,WHITE,S,6,GAS,A,AWD,A,CD,SR,E,"45,443","$39,250"
2020,ACURA,MDX AWD V6,TECH PKG,GRAY,S,6,GAS,A,AWD,A,CD,SR,L,"41,087","$43,200"
2007,ACURA,RDX,TECH PKG,GRAY,S,4,GAS,A,AWD,A,CD,SR,E,"151,378","$4,000"
2014,ACURA,RDX AWD,,SILVER,S,6,GAS,A,AWD,A,CD,SR,L,"145,383","$12,800"
2019,ACURA,RDX AWD,,BLACK,S,4,GAS,A,AWD,A,AM/FM,PN,L,"26,430","$36,600"
2017,ACURA,RDX AWD,TECH PKG,WHITE,S,6,GAS,A,AWD,A,CD,SR,L,"84,145","$22,400"
2007,ACURA,TL,,BLACK,4,6,GAS,A,4X2,A,B,SR,L,"88,732","$3,300"
2008,ACURA,TL,,SILVER,4,6,GAS,A,4X2,,,SR,,"170,916","$3,400"
2019,ACURA,TLX AWD V6,NONE,BLACK,S,6,C,A,AWD,,N,NO,N,"26,032","$31,700"
2016,ACURA,TLX AWD V6,TECH PKG,BLACK,4,6,GAS,A,AWD,A,CD,SR,L,"98,444","$17,000"
2019,ACURA,TLX FWD V6,,BLACK,4,6,GAS,A,4X2,A,CD,SR,E,"26,982","$29,600"
2018,ACURA,MDX AWD V6,NONE,BLACK,S,6,C,A,AWD,,N,NO,N,"27,296","$36,500"
2019,ACURA,MDX AWD V6,TECH PKG,GRAY,S,6,GAS,A,AWD,A,CD,SR,E,"16,395","$41,500"
2019,ACURA,MDX AWD V6,TECH PKG,BLACK,S,6,GAS,A,AWD,A,CD,SR,L,"35,008","$38,400"
2015,ACURA,MDX FWD,NONE,MAROON,S,6,C,A,,,N,NO,N,"172,526","$11,900"
2008,ACURA,MDX 4X4,TECH PKG,WHITE,S,6,GAS,A,AWD,A,CD,SR,E,"150,379","$6,400"
2019,ACURA,RDX AWD,,GRAY,S,4,GAS,A,AWD,A,AM/FM,PN,L,"27,542","$34,600"
2018,ACURA,RDX AWD,TECH PKG,SILVER,S,6,GAS,A,AWD,A,CD,SR,L,"54,094","$25,200"
2009,ACURA,TL FWD V6,TECH,GRAY,4,6,GAS,A,4X2,A,CD,SR,L,"178,296","$6,000"
2013,ACURA,TL FWD V6,TECH,WHITE,4,6,GAS,A,4X2,A,CD,SR,L,"91,220","$11,600"
2019,ACURA,TLX FWD V6,,BLACK,4,6,GAS,A,4X2,A,CD,SR,L,"22,454","$27,500"
2019,ACURA,TLX FWD 4C,,BLACK,4,4,GAS,A,4X2,A,CD,SR,L,"31,844","$25,000"
2019,ACURA,TLX FWD 4C,,BLACK,4,4,GAS,A,4X2,A,CD,SR,L,"25,021","$28,100"
2009,ACURA,TSX FWD,TECH PKG,BLACK,4,4,GAS,A,4X2,A,CD,SR,L,"133,060","$7,900"